member_path,status,row_evidence,model_or_api_executed,numeric_target_emitted
batch3/1.xls,NOT_EVALUATED_R1D_BLOCKED,NA,false,false
batch3/10.xls,NOT_EVALUATED_R1D_BLOCKED,NA,false,false
batch3/10__1.xls,NOT_EVALUATED_R1D_BLOCKED,NA,false,false
batch3/10__2.xls,NOT_EVALUATED_R1D_BLOCKED,NA,false,false
batch3/11.xls,NOT_EVALUATED_R1D_BLOCKED,NA,false,false
batch3/11__1.xls,NOT_EVALUATED_R1D_BLOCKED,NA,false,false
batch3/11__2.xls,NOT_EVALUATED_R1D_BLOCKED,NA,false,false
batch3/12.xls,NOT_EVALUATED_R1D_BLOCKED,NA,false,false
batch3/12__1.xls,NOT_EVALUATED_R1D_BLOCKED,NA,false,false
batch3/12__2.xls,NOT_EVALUATED_R1D_BLOCKED,NA,false,false
batch3/13.xls,NOT_EVALUATED_R1D_BLOCKED,NA,false,false
batch3/13__1.xls,NOT_EVALUATED_R1D_BLOCKED,NA,false,false
batch3/13__2.xls,NOT_EVALUATED_R1D_BLOCKED,NA,false,false
batch3/14.xls,NOT_EVALUATED_R1D_BLOCKED,NA,false,false
batch3/14__1.xls,NOT_EVALUATED_R1D_BLOCKED,NA,false,false
batch3/14__2.xls,NOT_EVALUATED_R1D_BLOCKED,NA,false,false
batch3/15.xls,NOT_EVALUATED_R1D_BLOCKED,NA,false,false
batch3/15__1.xls,NOT_EVALUATED_R1D_BLOCKED,NA,false,false
batch3/15__2.xls,NOT_EVALUATED_R1D_BLOCKED,NA,false,false
batch3/16.xls,NOT_EVALUATED_R1D_BLOCKED,NA,false,false
batch3/16__1.xls,NOT_EVALUATED_R1D_BLOCKED,NA,false,false
batch3/16__2.xls,NOT_EVALUATED_R1D_BLOCKED,NA,false,false
batch3/17.xls,NOT_EVALUATED_R1D_BLOCKED,NA,false,false
batch3/17__1.xls,NOT_EVALUATED_R1D_BLOCKED,NA,false,false
batch3/17__2.xls,NOT_EVALUATED_R1D_BLOCKED,NA,false,false
batch3/18.xls,NOT_EVALUATED_R1D_BLOCKED,NA,false,false
batch3/18__1.xls,NOT_EVALUATED_R1D_BLOCKED,NA,false,false
batch3/18__2.xls,NOT_EVALUATED_R1D_BLOCKED,NA,false,false
batch3/19.xls,NOT_EVALUATED_R1D_BLOCKED,NA,false,false
batch3/19__1.xls,NOT_EVALUATED_R1D_BLOCKED,NA,false,false
batch3/19__2.xls,NOT_EVALUATED_R1D_BLOCKED,NA,false,false
batch3/1__1.xls,NOT_EVALUATED_R1D_BLOCKED,NA,false,false
batch3/1__2.xls,NOT_EVALUATED_R1D_BLOCKED,NA,false,false
batch3/2.xls,NOT_EVALUATED_R1D_BLOCKED,NA,false,false
batch3/20.xls,NOT_EVALUATED_R1D_BLOCKED,NA,false,false
batch3/20__1.xls,NOT_EVALUATED_R1D_BLOCKED,NA,false,false
batch3/20__2.xls,NOT_EVALUATED_R1D_BLOCKED,NA,false,false
batch3/21.xls,NOT_EVALUATED_R1D_BLOCKED,NA,false,false
batch3/21__1.xls,NOT_EVALUATED_R1D_BLOCKED,NA,false,false
batch3/21__2.xls,NOT_EVALUATED_R1D_BLOCKED,NA,false,false
batch3/22.xls,NOT_EVALUATED_R1D_BLOCKED,NA,false,false
batch3/22__1.xls,NOT_EVALUATED_R1D_BLOCKED,NA,false,false
batch3/22__2.xls,NOT_EVALUATED_R1D_BLOCKED,NA,false,false
batch3/23.xls,NOT_EVALUATED_R1D_BLOCKED,NA,false,false
batch3/23__1.xls,NOT_EVALUATED_R1D_BLOCKED,NA,false,false
batch3/23__2.xls,NOT_EVALUATED_R1D_BLOCKED,NA,false,false
batch3/24.xls,NOT_EVALUATED_R1D_BLOCKED,NA,false,false
batch3/24__1.xls,NOT_EVALUATED_R1D_BLOCKED,NA,false,false
batch3/24__2.xls,NOT_EVALUATED_R1D_BLOCKED,NA,false,false
batch3/25.xls,NOT_EVALUATED_R1D_BLOCKED,NA,false,false
batch3/25__1.xls,NOT_EVALUATED_R1D_BLOCKED,NA,false,false
batch3/25__2.xls,NOT_EVALUATED_R1D_BLOCKED,NA,false,false
batch3/26.xls,NOT_EVALUATED_R1D_BLOCKED,NA,false,false
batch3/26__1.xls,NOT_EVALUATED_R1D_BLOCKED,NA,false,false
batch3/26__2.xls,NOT_EVALUATED_R1D_BLOCKED,NA,false,false
batch3/27.xls,NOT_EVALUATED_R1D_BLOCKED,NA,false,false
batch3/27__1.xls,NOT_EVALUATED_R1D_BLOCKED,NA,false,false
batch3/27__2.xls,NOT_EVALUATED_R1D_BLOCKED,NA,false,false
batch3/28.xls,NOT_EVALUATED_R1D_BLOCKED,NA,false,false
batch3/28__1.xls,NOT_EVALUATED_R1D_BLOCKED,NA,false,false
batch3/28__2.xls,NOT_EVALUATED_R1D_BLOCKED,NA,false,false
batch3/29.xls,NOT_EVALUATED_R1D_BLOCKED,NA,false,false
batch3/29__1.xls,NOT_EVALUATED_R1D_BLOCKED,NA,false,false
batch3/29__2.xls,NOT_EVALUATED_R1D_BLOCKED,NA,false,false
batch3/2__1.xls,NOT_EVALUATED_R1D_BLOCKED,NA,false,false
batch3/2__2.xls,NOT_EVALUATED_R1D_BLOCKED,NA,false,false
batch3/3.xls,NOT_EVALUATED_R1D_BLOCKED,NA,false,false
batch3/30.xls,NOT_EVALUATED_R1D_BLOCKED,NA,false,false
batch3/30__1.xls,NOT_EVALUATED_R1D_BLOCKED,NA,false,false
batch3/30__2.xls,NOT_EVALUATED_R1D_BLOCKED,NA,false,false
batch3/3__1.xls,NOT_EVALUATED_R1D_BLOCKED,NA,false,false
batch3/3__2.xls,NOT_EVALUATED_R1D_BLOCKED,NA,false,false
batch3/4.xls,NOT_EVALUATED_R1D_BLOCKED,NA,false,false
batch3/4__1.xls,NOT_EVALUATED_R1D_BLOCKED,NA,false,false
batch3/4__2.xls,NOT_EVALUATED_R1D_BLOCKED,NA,false,false
batch3/5.xls,NOT_EVALUATED_R1D_BLOCKED,NA,false,false
batch3/5__1.xls,NOT_EVALUATED_R1D_BLOCKED,NA,false,false
batch3/5__2.xls,NOT_EVALUATED_R1D_BLOCKED,NA,false,false
batch3/6.xls,NOT_EVALUATED_R1D_BLOCKED,NA,false,false
batch3/6__1.xls,NOT_EVALUATED_R1D_BLOCKED,NA,false,false
batch3/6__2.xls,NOT_EVALUATED_R1D_BLOCKED,NA,false,false
batch3/7.xls,NOT_EVALUATED_R1D_BLOCKED,NA,false,false
batch3/7__1.xls,NOT_EVALUATED_R1D_BLOCKED,NA,false,false
batch3/7__2.xls,NOT_EVALUATED_R1D_BLOCKED,NA,false,false
batch3/8.xls,NOT_EVALUATED_R1D_BLOCKED,NA,false,false
batch3/8__1.xls,NOT_EVALUATED_R1D_BLOCKED,NA,false,false
batch3/8__2.xls,NOT_EVALUATED_R1D_BLOCKED,NA,false,false
batch3/9.xls,NOT_EVALUATED_R1D_BLOCKED,NA,false,false
batch3/9__1.xls,NOT_EVALUATED_R1D_BLOCKED,NA,false,false
batch3/9__2.xls,NOT_EVALUATED_R1D_BLOCKED,NA,false,false
batch4/1.xls,NOT_EVALUATED_R1D_BLOCKED,NA,false,false
batch4/10.xls,NOT_EVALUATED_R1D_BLOCKED,NA,false,false
batch4/10__1.xls,NOT_EVALUATED_R1D_BLOCKED,NA,false,false
batch4/10__2.xls,NOT_EVALUATED_R1D_BLOCKED,NA,false,false
batch4/11.xls,NOT_EVALUATED_R1D_BLOCKED,NA,false,false
batch4/11__1.xls,NOT_EVALUATED_R1D_BLOCKED,NA,false,false
batch4/11__2.xls,NOT_EVALUATED_R1D_BLOCKED,NA,false,false
batch4/12.xls,NOT_EVALUATED_R1D_BLOCKED,NA,false,false
batch4/12__1.xls,NOT_EVALUATED_R1D_BLOCKED,NA,false,false
batch4/12__2.xls,NOT_EVALUATED_R1D_BLOCKED,NA,false,false
batch4/13.xls,NOT_EVALUATED_R1D_BLOCKED,NA,false,false
batch4/13__1.xls,NOT_EVALUATED_R1D_BLOCKED,NA,false,false
batch4/13__2.xls,NOT_EVALUATED_R1D_BLOCKED,NA,false,false
batch4/14.xls,NOT_EVALUATED_R1D_BLOCKED,NA,false,false
batch4/14__1.xls,NOT_EVALUATED_R1D_BLOCKED,NA,false,false
batch4/14__2.xls,NOT_EVALUATED_R1D_BLOCKED,NA,false,false
batch4/15.xls,NOT_EVALUATED_R1D_BLOCKED,NA,false,false
batch4/15__1.xls,NOT_EVALUATED_R1D_BLOCKED,NA,false,false
batch4/15__2.xls,NOT_EVALUATED_R1D_BLOCKED,NA,false,false
batch4/16.xls,NOT_EVALUATED_R1D_BLOCKED,NA,false,false
batch4/16__1.xls,NOT_EVALUATED_R1D_BLOCKED,NA,false,false
batch4/16__2.xls,NOT_EVALUATED_R1D_BLOCKED,NA,false,false
batch4/17.xls,NOT_EVALUATED_R1D_BLOCKED,NA,false,false
batch4/17__1.xls,NOT_EVALUATED_R1D_BLOCKED,NA,false,false
batch4/17__2.xls,NOT_EVALUATED_R1D_BLOCKED,NA,false,false
batch4/18.xls,NOT_EVALUATED_R1D_BLOCKED,NA,false,false
batch4/18__1.xls,NOT_EVALUATED_R1D_BLOCKED,NA,false,false
batch4/18__2.xls,NOT_EVALUATED_R1D_BLOCKED,NA,false,false
batch4/19.xls,NOT_EVALUATED_R1D_BLOCKED,NA,false,false
batch4/19__1.xls,NOT_EVALUATED_R1D_BLOCKED,NA,false,false
batch4/19__2.xls,NOT_EVALUATED_R1D_BLOCKED,NA,false,false
batch4/1__1.xls,NOT_EVALUATED_R1D_BLOCKED,NA,false,false
batch4/1__2.xls,NOT_EVALUATED_R1D_BLOCKED,NA,false,false
batch4/2.xls,NOT_EVALUATED_R1D_BLOCKED,NA,false,false
batch4/20.xls,NOT_EVALUATED_R1D_BLOCKED,NA,false,false
batch4/20__1.xls,NOT_EVALUATED_R1D_BLOCKED,NA,false,false
batch4/20__2.xls,NOT_EVALUATED_R1D_BLOCKED,NA,false,false
batch4/21.xls,NOT_EVALUATED_R1D_BLOCKED,NA,false,false
batch4/21__1.xls,NOT_EVALUATED_R1D_BLOCKED,NA,false,false
batch4/21__2.xls,NOT_EVALUATED_R1D_BLOCKED,NA,false,false
batch4/22.xls,NOT_EVALUATED_R1D_BLOCKED,NA,false,false
batch4/22__1.xls,NOT_EVALUATED_R1D_BLOCKED,NA,false,false
batch4/22__2.xls,NOT_EVALUATED_R1D_BLOCKED,NA,false,false
batch4/23.xls,NOT_EVALUATED_R1D_BLOCKED,NA,false,false
batch4/23__1.xls,NOT_EVALUATED_R1D_BLOCKED,NA,false,false
batch4/23__2.xls,NOT_EVALUATED_R1D_BLOCKED,NA,false,false
batch4/24.xls,NOT_EVALUATED_R1D_BLOCKED,NA,false,false
batch4/24__1.xls,NOT_EVALUATED_R1D_BLOCKED,NA,false,false
batch4/24__2.xls,NOT_EVALUATED_R1D_BLOCKED,NA,false,false
batch4/25.xls,NOT_EVALUATED_R1D_BLOCKED,NA,false,false
batch4/25__1.xls,NOT_EVALUATED_R1D_BLOCKED,NA,false,false
batch4/25__2.xls,NOT_EVALUATED_R1D_BLOCKED,NA,false,false
batch4/26.xls,NOT_EVALUATED_R1D_BLOCKED,NA,false,false
batch4/26__1.xls,NOT_EVALUATED_R1D_BLOCKED,NA,false,false
batch4/26__2.xls,NOT_EVALUATED_R1D_BLOCKED,NA,false,false
batch4/27.xls,NOT_EVALUATED_R1D_BLOCKED,NA,false,false
batch4/27__1.xls,NOT_EVALUATED_R1D_BLOCKED,NA,false,false
batch4/27__2.xls,NOT_EVALUATED_R1D_BLOCKED,NA,false,false
batch4/28.xls,NOT_EVALUATED_R1D_BLOCKED,NA,false,false
batch4/28__1.xls,NOT_EVALUATED_R1D_BLOCKED,NA,false,false
batch4/28__2.xls,NOT_EVALUATED_R1D_BLOCKED,NA,false,false
batch4/29.xls,NOT_EVALUATED_R1D_BLOCKED,NA,false,false
batch4/29__1.xls,NOT_EVALUATED_R1D_BLOCKED,NA,false,false
batch4/29__2.xls,NOT_EVALUATED_R1D_BLOCKED,NA,false,false
batch4/2__1.xls,NOT_EVALUATED_R1D_BLOCKED,NA,false,false
batch4/2__2.xls,NOT_EVALUATED_R1D_BLOCKED,NA,false,false
batch4/3.xls,NOT_EVALUATED_R1D_BLOCKED,NA,false,false
batch4/30.xls,NOT_EVALUATED_R1D_BLOCKED,NA,false,false
batch4/30__1.xls,NOT_EVALUATED_R1D_BLOCKED,NA,false,false
batch4/30__2.xls,NOT_EVALUATED_R1D_BLOCKED,NA,false,false
batch4/3__1.xls,NOT_EVALUATED_R1D_BLOCKED,NA,false,false
batch4/3__2.xls,NOT_EVALUATED_R1D_BLOCKED,NA,false,false
batch4/4.xls,NOT_EVALUATED_R1D_BLOCKED,NA,false,false
batch4/4__1.xls,NOT_EVALUATED_R1D_BLOCKED,NA,false,false
batch4/4__2.xls,NOT_EVALUATED_R1D_BLOCKED,NA,false,false
batch4/5.xls,NOT_EVALUATED_R1D_BLOCKED,NA,false,false
batch4/5__1.xls,NOT_EVALUATED_R1D_BLOCKED,NA,false,false
batch4/5__2.xls,NOT_EVALUATED_R1D_BLOCKED,NA,false,false
batch4/6.xls,NOT_EVALUATED_R1D_BLOCKED,NA,false,false
batch4/6__1.xls,NOT_EVALUATED_R1D_BLOCKED,NA,false,false
batch4/6__2.xls,NOT_EVALUATED_R1D_BLOCKED,NA,false,false
batch4/7.xls,NOT_EVALUATED_R1D_BLOCKED,NA,false,false
batch4/7__1.xls,NOT_EVALUATED_R1D_BLOCKED,NA,false,false
batch4/7__2.xls,NOT_EVALUATED_R1D_BLOCKED,NA,false,false
batch4/8.xls,NOT_EVALUATED_R1D_BLOCKED,NA,false,false
batch4/8__1.xls,NOT_EVALUATED_R1D_BLOCKED,NA,false,false
batch4/8__2.xls,NOT_EVALUATED_R1D_BLOCKED,NA,false,false
batch4/9.xls,NOT_EVALUATED_R1D_BLOCKED,NA,false,false
batch4/9__1.xls,NOT_EVALUATED_R1D_BLOCKED,NA,false,false
batch4/9__2.xls,NOT_EVALUATED_R1D_BLOCKED,NA,false,false
batch1/1.xls,NOT_EVALUATED_R1D_BLOCKED,NA,false,false
batch1/10.xls,NOT_EVALUATED_R1D_BLOCKED,NA,false,false
batch1/11.xls,NOT_EVALUATED_R1D_BLOCKED,NA,false,false
batch1/12.xls,NOT_EVALUATED_R1D_BLOCKED,NA,false,false
batch1/13.xls,NOT_EVALUATED_R1D_BLOCKED,NA,false,false
batch1/14.xls,NOT_EVALUATED_R1D_BLOCKED,NA,false,false
batch1/15.xls,NOT_EVALUATED_R1D_BLOCKED,NA,false,false
batch1/16.xls,NOT_EVALUATED_R1D_BLOCKED,NA,false,false
batch1/17.xls,NOT_EVALUATED_R1D_BLOCKED,NA,false,false
batch1/18.xls,NOT_EVALUATED_R1D_BLOCKED,NA,false,false
batch1/19.xls,NOT_EVALUATED_R1D_BLOCKED,NA,false,false
batch1/2.xls,NOT_EVALUATED_R1D_BLOCKED,NA,false,false
batch1/20.xls,NOT_EVALUATED_R1D_BLOCKED,NA,false,false
batch1/21.xls,NOT_EVALUATED_R1D_BLOCKED,NA,false,false
batch1/22.xls,NOT_EVALUATED_R1D_BLOCKED,NA,false,false
batch1/23.xls,NOT_EVALUATED_R1D_BLOCKED,NA,false,false
batch1/24.xls,NOT_EVALUATED_R1D_BLOCKED,NA,false,false
batch1/25.xls,NOT_EVALUATED_R1D_BLOCKED,NA,false,false
batch1/26.xls,NOT_EVALUATED_R1D_BLOCKED,NA,false,false
batch1/27.xls,NOT_EVALUATED_R1D_BLOCKED,NA,false,false
batch1/28.xls,NOT_EVALUATED_R1D_BLOCKED,NA,false,false
batch1/3.xls,NOT_EVALUATED_R1D_BLOCKED,NA,false,false
batch1/4.xls,NOT_EVALUATED_R1D_BLOCKED,NA,false,false
batch1/5.xls,NOT_EVALUATED_R1D_BLOCKED,NA,false,false
batch1/6.xls,NOT_EVALUATED_R1D_BLOCKED,NA,false,false
batch1/7.xls,NOT_EVALUATED_R1D_BLOCKED,NA,false,false
batch1/8.xls,NOT_EVALUATED_R1D_BLOCKED,NA,false,false
batch1/9.xls,NOT_EVALUATED_R1D_BLOCKED,NA,false,false
batch2/1.xls,NOT_EVALUATED_R1D_BLOCKED,NA,false,false
batch2/10.xls,NOT_EVALUATED_R1D_BLOCKED,NA,false,false
batch2/11.xls,NOT_EVALUATED_R1D_BLOCKED,NA,false,false
batch2/12.xls,NOT_EVALUATED_R1D_BLOCKED,NA,false,false
batch2/13.xls,NOT_EVALUATED_R1D_BLOCKED,NA,false,false
batch2/14.xls,NOT_EVALUATED_R1D_BLOCKED,NA,false,false
batch2/15.xls,NOT_EVALUATED_R1D_BLOCKED,NA,false,false
batch2/16.xls,NOT_EVALUATED_R1D_BLOCKED,NA,false,false
batch2/17.xls,NOT_EVALUATED_R1D_BLOCKED,NA,false,false
batch2/18.xls,NOT_EVALUATED_R1D_BLOCKED,NA,false,false
batch2/19.xls,NOT_EVALUATED_R1D_BLOCKED,NA,false,false
batch2/2.xls,NOT_EVALUATED_R1D_BLOCKED,NA,false,false
batch2/20.xls,NOT_EVALUATED_R1D_BLOCKED,NA,false,false
batch2/21.xls,NOT_EVALUATED_R1D_BLOCKED,NA,false,false
batch2/22.xls,NOT_EVALUATED_R1D_BLOCKED,NA,false,false
batch2/23.xls,NOT_EVALUATED_R1D_BLOCKED,NA,false,false
batch2/24.xls,NOT_EVALUATED_R1D_BLOCKED,NA,false,false
batch2/25.xls,NOT_EVALUATED_R1D_BLOCKED,NA,false,false
batch2/3.xls,NOT_EVALUATED_R1D_BLOCKED,NA,false,false
batch2/4.xls,NOT_EVALUATED_R1D_BLOCKED,NA,false,false
batch2/5.xls,NOT_EVALUATED_R1D_BLOCKED,NA,false,false
batch2/6.xls,NOT_EVALUATED_R1D_BLOCKED,NA,false,false
batch2/7.xls,NOT_EVALUATED_R1D_BLOCKED,NA,false,false
batch2/8.xls,NOT_EVALUATED_R1D_BLOCKED,NA,false,false
batch2/9.xls,NOT_EVALUATED_R1D_BLOCKED,NA,false,false
