member_path,member_type,uncompressed_bytes,packed_bytes,crc,compression_method,encrypted,link_or_redirection,extension,safety_status,mtime,attributes,host_os,model_or_api_executed,numeric_target_emitted
batch3/1.xls,regular_file,50755584,6875194,7C8074DD,m3:25,false,false,.xls,PASS,"2019-12-20 11:27:42,854371100",..A....,Windows,false,false
batch3/10.xls,regular_file,49763328,8000607,FBE77800,m3:25,false,false,.xls,PASS,"2019-12-20 11:33:29,421059700",..A....,Windows,false,false
batch3/10__1.xls,regular_file,92248576,14490067,3EF275B4,m3:25,false,false,.xls,PASS,"2019-12-20 12:05:30,704404800",..A....,Windows,false,false
batch3/10__2.xls,regular_file,65001984,9987736,E85D29CA,m3:25,false,false,.xls,PASS,"2019-12-20 12:54:20,804293800",..A....,Windows,false,false
batch3/11.xls,regular_file,50167296,7998540,86F4706A,m3:25,false,false,.xls,PASS,"2019-12-20 11:34:10,133028600",..A....,Windows,false,false
batch3/11__1.xls,regular_file,92185088,14256883,10666741,m3:25,false,false,.xls,PASS,"2019-12-20 12:06:38,866379300",..A....,Windows,false,false
batch3/11__2.xls,regular_file,84644352,12711577,85ABAB2A,m3:25,false,false,.xls,PASS,"2019-12-20 12:55:09,458025700",..A....,Windows,false,false
batch3/12.xls,regular_file,50501120,7588082,4557D91C,m3:25,false,false,.xls,PASS,"2019-12-20 11:34:49,633985000",..A....,Windows,false,false
batch3/12__1.xls,regular_file,93296128,13870651,8CBC672B,m3:25,false,false,.xls,PASS,"2019-12-20 12:07:47,326342500",..A....,Windows,false,false
batch3/12__2.xls,regular_file,63827456,9377985,074D8651,m3:25,false,false,.xls,PASS,"2019-12-20 12:55:45,579777500",..A....,Windows,false,false
batch3/13.xls,regular_file,50405888,7764364,7575AAF8,m3:25,false,false,.xls,PASS,"2019-12-20 11:35:27,440321800",..A....,Windows,false,false
batch3/13__1.xls,regular_file,93284352,13287781,6A0E69D7,m3:25,false,false,.xls,PASS,"2019-12-20 12:08:55,582628300",..A....,Windows,false,false
batch3/13__2.xls,regular_file,74156032,10625816,638B60C5,m3:25,false,false,.xls,PASS,"2019-12-20 12:56:28,306427800",..A....,Windows,false,false
batch3/14.xls,regular_file,50743808,6885748,EE484231,m3:25,false,false,.xls,PASS,"2019-12-20 11:36:04,712892400",..A....,Windows,false,false
batch3/14__1.xls,regular_file,93804544,11787766,7453457A,m3:25,false,false,.xls,PASS,"2019-12-20 12:10:03,609152900",..A....,Windows,false,false
batch3/14__2.xls,regular_file,87813120,10971268,4A4A29A4,m3:25,false,false,.xls,PASS,"2019-12-20 12:57:16,787152500",..A....,Windows,false,false
batch3/15.xls,regular_file,50087424,7772187,FFA1C84D,m3:25,false,false,.xls,PASS,"2019-12-20 11:36:42,213214500",..A....,Windows,false,false
batch3/15__1.xls,regular_file,93017600,13519096,BEB1F50E,m3:25,false,false,.xls,PASS,"2019-12-20 12:11:13,074448300",..A....,Windows,false,false
batch3/15__2.xls,regular_file,86078976,11239389,1A60A193,m3:25,false,false,.xls,PASS,"2019-12-20 12:58:05,500650600",..A....,Windows,false,false
batch3/16.xls,regular_file,50713088,6831058,BDEDBA18,m3:25,false,false,.xls,PASS,"2019-12-20 11:37:20,333591300",..A....,Windows,false,false
batch3/16__1.xls,regular_file,93639168,12433073,E95282EC,m3:25,false,false,.xls,PASS,"2019-12-20 12:12:21,707985100",..A....,Windows,false,false
batch3/16__2.xls,regular_file,78230528,11673066,D6D0389C,m3:25,false,false,.xls,PASS,"2019-12-20 12:58:50,954340300",..A....,Windows,false,false
batch3/17.xls,regular_file,50615808,6997639,28C46A8C,m3:25,false,false,.xls,PASS,"2019-12-20 11:37:58,574370200",..A....,Windows,false,false
batch3/17__1.xls,regular_file,93040640,13248496,F67CC31F,m3:25,false,false,.xls,PASS,"2019-12-20 12:13:29,738524400",..A....,Windows,false,false
batch3/17__2.xls,regular_file,84833792,12351543,BB21CC4E,m3:25,false,false,.xls,PASS,"2019-12-20 12:59:41,086542100",..A....,Windows,false,false
batch3/18.xls,regular_file,50746880,6705750,A4F7E7CB,m3:25,false,false,.xls,PASS,"2019-12-20 11:38:37,471324700",..A....,Windows,false,false
batch3/18__1.xls,regular_file,93794816,11720257,7EB4CDE7,m3:25,false,false,.xls,PASS,"2019-12-20 12:14:38,778409500",..A....,Windows,false,false
batch3/18__2.xls,regular_file,84913664,10593815,8CC8A13A,m3:25,false,false,.xls,PASS,"2019-12-20 13:00:30,913730500",..A....,Windows,false,false
batch3/19.xls,regular_file,50630656,7165230,B8AC6633,m3:25,false,false,.xls,PASS,"2019-12-20 11:39:15,819457000",..A....,Windows,false,false
batch3/19__1.xls,regular_file,93625856,12287286,A7CB773A,m3:25,false,false,.xls,PASS,"2019-12-20 12:15:47,139041200",..A....,Windows,false,false
batch3/19__2.xls,regular_file,74099712,9884852,989354EA,m3:25,false,false,.xls,PASS,"2019-12-20 13:01:15,129318000",..A....,Windows,false,false
batch3/1__1.xls,regular_file,93768192,11694925,589A711A,m3:25,false,false,.xls,PASS,"2019-12-20 11:55:28,003302000",..A....,Windows,false,false
batch3/1__2.xls,regular_file,62510592,8448851,5ED66E33,m3:25,false,false,.xls,PASS,"2019-12-20 12:43:50,053196200",..A....,Windows,false,false
batch3/2.xls,regular_file,50733056,6706916,CE5757E0,m3:25,false,false,.xls,PASS,"2019-12-20 11:28:20,523251500",..A....,Windows,false,false
batch3/20.xls,regular_file,49463296,7797708,735280CE,m3:25,false,false,.xls,PASS,"2019-12-20 11:39:54,307053100",..A....,Windows,false,false
batch3/20__1.xls,regular_file,91263488,13589605,AE4751BB,m3:25,false,false,.xls,PASS,"2019-12-20 12:16:55,619068700",..A....,Windows,false,false
batch3/20__2.xls,regular_file,74480128,11410076,4C9DB3C8,m3:25,false,false,.xls,PASS,"2019-12-20 13:02:00,723990900",..A....,Windows,false,false
batch3/21.xls,regular_file,50750464,6676394,EC8B88BB,m3:25,false,false,.xls,PASS,"2019-12-20 11:40:32,327098600",..A....,Windows,false,false
batch3/21__1.xls,regular_file,93806080,11457348,3E0974DB,m3:25,false,false,.xls,PASS,"2019-12-20 12:18:03,978698600",..A....,Windows,false,false
batch3/21__2.xls,regular_file,86398976,10829981,CD6524F2,m3:25,false,false,.xls,PASS,"2019-12-20 13:02:50,776473200",..A....,Windows,false,false
batch3/22.xls,regular_file,50739200,6594327,BFEC9FD1,m3:25,false,false,.xls,PASS,"2019-12-20 11:41:10,134439400",..A....,Windows,false,false
batch3/22__1.xls,regular_file,93763584,11011520,55116A7A,m3:25,false,false,.xls,PASS,"2019-12-20 12:19:13,061730100",..A....,Windows,false,false
batch3/22__2.xls,regular_file,77305344,10190971,3ACACC8B,m3:25,false,false,.xls,PASS,"2019-12-20 13:03:36,181203500",..A....,Windows,false,false
batch3/23.xls,regular_file,50739200,6600296,8715895D,m3:25,false,false,.xls,PASS,"2019-12-20 11:41:48,457489800",..A....,Windows,false,false
batch3/23__1.xls,regular_file,93764096,11010687,EC5F1DBF,m3:25,false,false,.xls,PASS,"2019-12-20 12:20:21,303966500",..A....,Windows,false,false
batch3/23__2.xls,regular_file,77305856,10191430,FD6C7CE2,m3:25,false,false,.xls,PASS,"2019-12-20 13:04:20,690202700",..A....,Windows,false,false
batch3/24.xls,regular_file,50743808,6631874,4E44E192,m3:25,false,false,.xls,PASS,"2019-12-20 11:42:26,969165100",..A....,Windows,false,false
batch3/24__1.xls,regular_file,93798912,11408012,D6895A52,m3:25,false,false,.xls,PASS,"2019-12-20 12:21:29,679648900",..A....,Windows,false,false
batch3/24__2.xls,regular_file,84273152,9980002,8B88EA7F,m3:25,false,false,.xls,PASS,"2019-12-20 13:05:10,398318800",..A....,Windows,false,false
batch3/25.xls,regular_file,50726912,6864647,FA59670F,m3:25,false,false,.xls,PASS,"2019-12-20 11:43:04,570824900",..A....,Windows,false,false
batch3/25__1.xls,regular_file,93785088,12088356,E776282C,m3:25,false,false,.xls,PASS,"2019-12-20 12:22:37,938945800",..A....,Windows,false,false
batch3/25__2.xls,regular_file,81704960,10425928,A304EBD0,m3:25,false,false,.xls,PASS,"2019-12-20 13:05:57,414492400",..A....,Windows,false,false
batch3/26.xls,regular_file,50725376,6797275,E00AE3A4,m3:25,false,false,.xls,PASS,"2019-12-20 11:43:42,444385100",..A....,Windows,false,false
batch3/26__1.xls,regular_file,93766656,11667747,82F6F4BA,m3:25,false,false,.xls,PASS,"2019-12-20 12:23:48,926285700",..A....,Windows,false,false
batch3/26__2.xls,regular_file,87072256,11027550,E013FC86,m3:25,false,false,.xls,PASS,"2019-12-20 13:06:48,166400700",..A....,Windows,false,false
batch3/27.xls,regular_file,50737664,6986258,459BBB84,m3:25,false,false,.xls,PASS,"2019-12-20 11:44:20,105239900",..A....,Windows,false,false
batch3/27__1.xls,regular_file,93755904,12493951,B787BEFF,m3:25,false,false,.xls,PASS,"2019-12-20 12:24:59,174175100",..A....,Windows,false,false
batch3/27__2.xls,regular_file,65853952,8648080,0FF9730F,m3:25,false,false,.xls,PASS,"2019-12-20 13:07:38,210440900",..A....,Windows,false,false
batch3/28.xls,regular_file,49955840,7866315,E7F5C383,m3:25,false,false,.xls,PASS,"2019-12-20 11:44:58,811561400",..A....,Windows,false,false
batch3/28__1.xls,regular_file,92107776,13900908,BA2F8847,m3:25,false,false,.xls,PASS,"2019-12-20 12:26:08,611376400",..A....,Windows,false,false
batch3/28__2.xls,regular_file,72571392,11231284,CE242D97,m3:25,false,false,.xls,PASS,"2019-12-20 13:08:19,194083300",..A....,Windows,false,false
batch3/29.xls,regular_file,49869824,7648481,77A5AE5C,m3:25,false,false,.xls,PASS,"2019-12-20 11:45:39,318852700",..A....,Windows,false,false
batch3/29__1.xls,regular_file,91936256,13710027,975F4BF1,m3:25,false,false,.xls,PASS,"2019-12-20 12:27:18,148912600",..A....,Windows,false,false
batch3/29__2.xls,regular_file,84001792,12274961,2C926494,m3:25,false,false,.xls,PASS,"2019-12-20 13:09:08,605157000",..A....,Windows,false,false
batch3/2__1.xls,regular_file,93776384,11404312,4C03A235,m3:25,false,false,.xls,PASS,"2019-12-20 11:56:34,617144700",..A....,Windows,false,false
batch3/2__2.xls,regular_file,68866048,9194788,CD7F4ED7,m3:25,false,false,.xls,PASS,"2019-12-20 12:44:30,740083200",..A....,Windows,false,false
batch3/3.xls,regular_file,50738176,6603077,F3517A6F,m3:25,false,false,.xls,PASS,"2019-12-20 11:28:56,734300100",..A....,Windows,false,false
batch3/30.xls,regular_file,50750976,6793345,B7F975FB,m3:25,false,false,.xls,PASS,"2019-12-20 11:46:17,370001900",..A....,Windows,false,false
batch3/30__1.xls,regular_file,93783552,11900707,9D5DFAD6,m3:25,false,false,.xls,PASS,"2019-12-20 12:28:27,268060300",..A....,Windows,false,false
batch3/30__2.xls,regular_file,77941248,10124545,6BA12B62,m3:25,false,false,.xls,PASS,"2019-12-20 13:09:51,867872600",..A....,Windows,false,false
batch3/3__1.xls,regular_file,93749760,11491311,98FA23E3,m3:25,false,false,.xls,PASS,"2019-12-20 11:57:39,969803400",..A....,Windows,false,false
batch3/3__2.xls,regular_file,72939008,9610585,6DCD5F3C,m3:25,false,false,.xls,PASS,"2019-12-20 12:45:10,154752300",..A....,Windows,false,false
batch3/4.xls,regular_file,50741248,6712650,38127A84,m3:25,false,false,.xls,PASS,"2019-12-20 11:29:33,831287200",..A....,Windows,false,false
batch3/4__1.xls,regular_file,93772288,11986105,E130CB94,m3:25,false,false,.xls,PASS,"2019-12-20 11:58:46,144186500",..A....,Windows,false,false
batch3/4__2.xls,regular_file,73976320,9731695,8B681DD4,m3:25,false,false,.xls,PASS,"2019-12-20 12:45:59,892646500",..A....,Windows,false,false
batch3/5.xls,regular_file,50468352,7719307,62CDE1A5,m3:25,false,false,.xls,PASS,"2019-12-20 11:30:11,068738300",..A....,Windows,false,false
batch3/5__1.xls,regular_file,93257728,13180891,27644A6C,m3:25,false,false,.xls,PASS,"2019-12-20 11:59:53,571725400",..A....,Windows,false,false
batch3/5__2.xls,regular_file,56276480,8625855,2AF2A307,m3:25,false,false,.xls,PASS,"2019-12-20 12:46:31,134221000",..A....,Windows,false,false
batch3/6.xls,regular_file,50751488,6814447,36B3A5AF,m3:25,false,false,.xls,PASS,"2019-12-20 11:30:49,137947200",..A....,Windows,false,false
batch3/6__1.xls,regular_file,93800960,11850119,727AD0F8,m3:25,false,false,.xls,PASS,"2019-12-20 12:01:00,979198900",..A....,Windows,false,false
batch3/6__2.xls,regular_file,85356032,10698082,ECD9CF05,m3:25,false,false,.xls,PASS,"2019-12-20 12:47:18,575500300",..A....,Windows,false,false
batch3/7.xls,regular_file,50749952,6863454,BDA5A718,m3:25,false,false,.xls,PASS,"2019-12-20 11:31:28,696093000",..A....,Windows,false,false
batch3/7__1.xls,regular_file,93794816,11981891,11C4ADB8,m3:25,false,false,.xls,PASS,"2019-12-20 12:02:07,853905500",..A....,Windows,false,false
batch3/7__2.xls,regular_file,84768768,11160482,2D119BF8,m3:25,false,false,.xls,PASS,"2019-12-20 12:48:07,878953500",..A....,Windows,false,false
batch3/8.xls,regular_file,50750976,6820412,ACEE9BFB,m3:25,false,false,.xls,PASS,"2019-12-20 11:32:10,070258700",..A....,Windows,false,false
batch3/8__1.xls,regular_file,93787136,12439517,F22FA9DD,m3:25,false,false,.xls,PASS,"2019-12-20 12:03:15,415890700",..A....,Windows,false,false
batch3/8__2.xls,regular_file,81015808,10523960,63853152,m3:25,false,false,.xls,PASS,"2019-12-20 12:52:56,469703700",..A....,Windows,false,false
batch3/9.xls,regular_file,50752000,6747547,9039618F,m3:25,false,false,.xls,PASS,"2019-12-20 11:32:50,544173700",..A....,Windows,false,false
batch3/9__1.xls,regular_file,93792256,12214896,AF683320,m3:25,false,false,.xls,PASS,"2019-12-20 12:04:22,138090600",..A....,Windows,false,false
batch3/9__2.xls,regular_file,81540608,10577204,B1EC7A73,m3:25,false,false,.xls,PASS,"2019-12-20 12:53:42,754148800",..A....,Windows,false,false
batch4/1.xls,regular_file,50723840,6983552,6D232C11,m3:25,false,false,.xls,PASS,"2019-12-18 23:17:49,266388900",..A....,Windows,false,false
batch4/10.xls,regular_file,49960960,7977774,5B718AC5,m3:25,false,false,.xls,PASS,"2019-12-18 23:24:34,226639500",..A....,Windows,false,false
batch4/10__1.xls,regular_file,91640320,14018779,C51D5C35,m3:25,false,false,.xls,PASS,"2019-12-19 14:02:18,771778900",..A....,Windows,false,false
batch4/10__2.xls,regular_file,82135552,13529528,88E9F36B,m3:25,false,false,.xls,PASS,"2019-12-19 16:06:55,522000000",..A....,Windows,false,false
batch4/11.xls,regular_file,50624512,7430774,2BE483C1,m3:25,false,false,.xls,PASS,"2019-12-18 23:25:10,265116000",..A....,Windows,false,false
batch4/11__1.xls,regular_file,93209600,13582743,1E82EC50,m3:25,false,false,.xls,PASS,"2019-12-19 14:03:31,752370300",..A....,Windows,false,false
batch4/11__2.xls,regular_file,85388288,12647072,EAFD92F2,m3:25,false,false,.xls,PASS,"2019-12-19 16:07:46,813000000",..A....,Windows,false,false
batch4/12.xls,regular_file,50726912,6893355,E25C4A2D,m3:25,false,false,.xls,PASS,"2019-12-18 23:25:47,270800600",..A....,Windows,false,false
batch4/12__1.xls,regular_file,93776384,12390341,330B718E,m3:25,false,false,.xls,PASS,"2019-12-19 14:04:44,524198400",..A....,Windows,false,false
batch4/12__2.xls,regular_file,79804928,10656652,27F920E0,m3:25,false,false,.xls,PASS,"2019-12-19 16:08:33,778000000",..A....,Windows,false,false
batch4/13.xls,regular_file,50396672,7710567,00795FD6,m3:25,false,false,.xls,PASS,"2019-12-18 23:26:23,489875100",..A....,Windows,false,false
batch4/13__1.xls,regular_file,93487616,12863228,0814D661,m3:25,false,false,.xls,PASS,"2019-12-19 14:05:57,730614100",..A....,Windows,false,false
batch4/13__2.xls,regular_file,74614272,11065740,EE29F9ED,m3:25,false,false,.xls,PASS,"2019-12-19 16:09:21,659000000",..A....,Windows,false,false
batch4/14.xls,regular_file,49715200,8147737,8F66ACE4,m3:25,false,false,.xls,PASS,"2019-12-18 23:26:59,999914800",..A....,Windows,false,false
batch4/14__1.xls,regular_file,91405312,13833511,DEF5C37C,m3:25,false,false,.xls,PASS,"2019-12-19 14:07:05,286585600",..A....,Windows,false,false
batch4/14__2.xls,regular_file,55592960,8939555,5476C9A7,m3:25,false,false,.xls,PASS,"2019-12-19 16:09:59,337000000",..A....,Windows,false,false
batch4/15.xls,regular_file,50731008,6973809,FCD40A84,m3:25,false,false,.xls,PASS,"2019-12-18 23:27:36,196916800",..A....,Windows,false,false
batch4/15__1.xls,regular_file,93747712,11707193,32A87C23,m3:25,false,false,.xls,PASS,"2019-12-19 14:08:13,065661900",..A....,Windows,false,false
batch4/15__2.xls,regular_file,49425920,5990417,88882ACB,m3:25,false,false,.xls,PASS,"2019-12-19 16:10:29,863000000",..A....,Windows,false,false
batch4/16.xls,regular_file,50028544,7973251,C9995D8B,m3:25,false,false,.xls,PASS,"2019-12-18 23:28:16,287828100",..A....,Windows,false,false
batch4/16__1.xls,regular_file,92169216,14066174,32DD3EA3,m3:25,false,false,.xls,PASS,"2019-12-19 14:09:21,265233900",..A....,Windows,false,false
batch4/16__2.xls,regular_file,73989632,11755027,56608202,m3:25,false,false,.xls,PASS,"2019-12-19 16:11:15,528000000",..A....,Windows,false,false
batch4/17.xls,regular_file,50476032,7572521,32127E3C,m3:25,false,false,.xls,PASS,"2019-12-18 23:30:12,785045800",..A....,Windows,false,false
batch4/17__1.xls,regular_file,93409792,12897733,8B22DCD8,m3:25,false,false,.xls,PASS,"2019-12-19 14:10:29,436706100",..A....,Windows,false,false
batch4/17__2.xls,regular_file,83163648,13185842,A37EF0C3,m3:25,false,false,.xls,PASS,"2019-12-19 16:12:05,735000000",..A....,Windows,false,false
batch4/18.xls,regular_file,50676224,7027470,B0BEEB30,m3:25,false,false,.xls,PASS,"2019-12-18 23:30:49,340235900",..A....,Windows,false,false
batch4/18__1.xls,regular_file,93351936,13409169,C5D3A281,m3:25,false,false,.xls,PASS,"2019-12-19 14:11:39,338331500",..A....,Windows,false,false
batch4/18__2.xls,regular_file,64220672,8816357,D6B14BE1,m3:25,false,false,.xls,PASS,"2019-12-19 16:12:44,022000000",..A....,Windows,false,false
batch4/19.xls,regular_file,50495488,7485296,91AB6B79,m3:25,false,false,.xls,PASS,"2019-12-18 23:31:25,443929700",..A....,Windows,false,false
batch4/19__1.xls,regular_file,93170176,13209737,1116A1D8,m3:25,false,false,.xls,PASS,"2019-12-19 14:12:48,370173600",..A....,Windows,false,false
batch4/19__2.xls,regular_file,74702336,10975268,E66A44E3,m3:25,false,false,.xls,PASS,"2019-12-19 16:13:30,062000000",..A....,Windows,false,false
batch4/1__1.xls,regular_file,93793280,12299527,4FA0B104,m3:25,false,false,.xls,PASS,"2019-12-19 13:51:20,142873200",..A....,Windows,false,false
batch4/1__2.xls,regular_file,83756544,11766306,110BA5C2,m3:25,false,false,.xls,PASS,"2019-12-19 15:59:38,405000000",..A....,Windows,false,false
batch4/2.xls,regular_file,50674176,6865616,3D53DFF4,m3:25,false,false,.xls,PASS,"2019-12-18 23:18:27,685464600",..A....,Windows,false,false
batch4/20.xls,regular_file,50727424,6795699,A6103EB4,m3:25,false,false,.xls,PASS,"2019-12-18 23:32:01,692101000",..A....,Windows,false,false
batch4/20__1.xls,regular_file,93770240,11737459,D75F04FC,m3:25,false,false,.xls,PASS,"2019-12-19 14:13:56,069474700",..A....,Windows,false,false
batch4/20__2.xls,regular_file,86317056,11253391,774A7D49,m3:25,false,false,.xls,PASS,"2019-12-19 16:14:20,610000000",..A....,Windows,false,false
batch4/21.xls,regular_file,50355712,7456037,93DEE9C8,m3:25,false,false,.xls,PASS,"2019-12-18 23:32:38,032577800",..A....,Windows,false,false
batch4/21__1.xls,regular_file,93225472,12930400,E9AE4C4C,m3:25,false,false,.xls,PASS,"2019-12-19 14:15:04,801942200",..A....,Windows,false,false
batch4/21__2.xls,regular_file,75090944,11379700,334E8063,m3:25,false,false,.xls,PASS,"2019-12-19 16:15:08,462000000",..A....,Windows,false,false
batch4/22.xls,regular_file,49479168,7825984,D447359B,m3:25,false,false,.xls,PASS,"2019-12-18 23:33:13,795141400",..A....,Windows,false,false
batch4/22__1.xls,regular_file,91228160,13775909,8695268F,m3:25,false,false,.xls,PASS,"2019-12-19 14:16:12,875064600",..A....,Windows,false,false
batch4/22__2.xls,regular_file,70419456,11270351,251E6740,m3:25,false,false,.xls,PASS,"2019-12-19 16:15:51,431000000",..A....,Windows,false,false
batch4/23.xls,regular_file,50747392,6761266,1693D868,m3:25,false,false,.xls,PASS,"2019-12-18 23:33:49,666061400",..A....,Windows,false,false
batch4/23__1.xls,regular_file,93804032,11598440,3FCD258E,m3:25,false,false,.xls,PASS,"2019-12-19 14:17:22,386300800",..A....,Windows,false,false
batch4/23__2.xls,regular_file,86019584,11169444,B8E9FD9E,m3:25,false,false,.xls,PASS,"2019-12-19 16:16:43,337000000",..A....,Windows,false,false
batch4/24.xls,regular_file,50735104,6534658,0D9DF3E4,m3:25,false,false,.xls,PASS,"2019-12-18 23:34:25,805874100",..A....,Windows,false,false
batch4/24__1.xls,regular_file,93755392,11271488,7151AA24,m3:25,false,false,.xls,PASS,"2019-12-19 14:18:29,697713800",..A....,Windows,false,false
batch4/24__2.xls,regular_file,60128256,7713975,E40E68CF,m3:25,false,false,.xls,PASS,"2019-12-19 16:17:20,183000000",..A....,Windows,false,false
batch4/25.xls,regular_file,50746880,6463771,44926252,m3:25,false,false,.xls,PASS,"2019-12-18 23:35:01,417936100",..A....,Windows,false,false
batch4/25__1.xls,regular_file,93773312,11970202,FD6565B0,m3:25,false,false,.xls,PASS,"2019-12-19 14:19:38,219432100",..A....,Windows,false,false
batch4/25__2.xls,regular_file,81699328,10523440,3033974A,m3:25,false,false,.xls,PASS,"2019-12-19 16:18:08,106000000",..A....,Windows,false,false
batch4/26.xls,regular_file,50747904,6645709,E56B09E6,m3:25,false,false,.xls,PASS,"2019-12-18 23:35:37,948043500",..A....,Windows,false,false
batch4/26__1.xls,regular_file,93766656,11725627,43F8D5A6,m3:25,false,false,.xls,PASS,"2019-12-19 14:20:49,168785000",..A....,Windows,false,false
batch4/26__2.xls,regular_file,74045952,9947316,DA0E2DAA,m3:25,false,false,.xls,PASS,"2019-12-19 16:18:52,611000000",..A....,Windows,false,false
batch4/27.xls,regular_file,50559488,7455440,7401404C,m3:25,false,false,.xls,PASS,"2019-12-18 23:36:13,276164100",..A....,Windows,false,false
batch4/27__1.xls,regular_file,93588480,12513352,8677ADC5,m3:25,false,false,.xls,PASS,"2019-12-19 14:21:59,783948600",..A....,Windows,false,false
batch4/27__2.xls,regular_file,83815424,12712817,546BB43D,m3:25,false,false,.xls,PASS,"2019-12-19 16:19:41,234000000",..A....,Windows,false,false
batch4/28.xls,regular_file,49758208,8020258,CEBFE524,m3:25,false,false,.xls,PASS,"2019-12-18 23:36:49,384873500",..A....,Windows,false,false
batch4/28__1.xls,regular_file,91728896,14245519,84B77621,m3:25,false,false,.xls,PASS,"2019-12-19 14:23:09,288162400",..A....,Windows,false,false
batch4/28__2.xls,regular_file,60953600,9938972,886AB09D,m3:25,false,false,.xls,PASS,"2019-12-19 16:20:19,447000000",..A....,Windows,false,false
batch4/29.xls,regular_file,49962496,7700895,006DA18D,m3:25,false,false,.xls,PASS,"2019-12-18 23:37:25,859797400",..A....,Windows,false,false
batch4/29__1.xls,regular_file,92116480,14005938,449AC8F9,m3:25,false,false,.xls,PASS,"2019-12-19 14:24:26,020372000",..A....,Windows,false,false
batch4/29__2.xls,regular_file,79235584,11818070,9EAFFBA8,m3:25,false,false,.xls,PASS,"2019-12-19 16:21:11,544000000",..A....,Windows,false,false
batch4/2__1.xls,regular_file,93632512,12065751,5A17C210,m3:25,false,false,.xls,PASS,"2019-12-19 13:52:38,450921800",..A....,Windows,false,false
batch4/2__2.xls,regular_file,77192192,10003000,CB988FEA,m3:25,false,false,.xls,PASS,"2019-12-19 16:00:21,517000000",..A....,Windows,false,false
batch4/3.xls,regular_file,49607168,7811442,37DCE1F7,m3:25,false,false,.xls,PASS,"2019-12-18 23:20:25,224134600",..A....,Windows,false,false
batch4/30.xls,regular_file,50746368,6705047,9B8D7466,m3:25,false,false,.xls,PASS,"2019-12-18 23:38:01,970514400",..A....,Windows,false,false
batch4/30__1.xls,regular_file,93779968,11646603,D7A2E5E5,m3:25,false,false,.xls,PASS,"2019-12-19 14:25:38,840362600",..A....,Windows,false,false
batch4/30__2.xls,regular_file,74668032,10100546,897F9C7C,m3:25,false,false,.xls,PASS,"2019-12-19 16:21:57,493000000",..A....,Windows,false,false
batch4/3__1.xls,regular_file,91295232,13616570,9CF19477,m3:25,false,false,.xls,PASS,"2019-12-19 13:53:49,223447400",..A....,Windows,false,false
batch4/3__2.xls,regular_file,81105408,13733624,B6358810,m3:25,false,false,.xls,PASS,"2019-12-19 16:01:08,366000000",..A....,Windows,false,false
batch4/4.xls,regular_file,50736640,6605904,DB84CB75,m3:25,false,false,.xls,PASS,"2019-12-18 23:21:00,163968600",..A....,Windows,false,false
batch4/4__1.xls,regular_file,93741056,11515987,20F6164C,m3:25,false,false,.xls,PASS,"2019-12-19 13:54:59,738031300",..A....,Windows,false,false
batch4/4__2.xls,regular_file,82320384,11444344,359E93CD,m3:25,false,false,.xls,PASS,"2019-12-19 16:01:57,667000000",..A....,Windows,false,false
batch4/5.xls,regular_file,49779712,7725419,05F47BD9,m3:25,false,false,.xls,PASS,"2019-12-18 23:21:35,194102800",..A....,Windows,false,false
batch4/5__1.xls,regular_file,92272640,13868713,B98212B2,m3:25,false,false,.xls,PASS,"2019-12-19 13:56:13,865812600",..A....,Windows,false,false
batch4/5__2.xls,regular_file,81937408,12851830,4C9AA036,m3:25,false,false,.xls,PASS,"2019-12-19 16:02:47,318000000",..A....,Windows,false,false
batch4/6.xls,regular_file,50155520,8097656,C273057D,m3:25,false,false,.xls,PASS,"2019-12-18 23:22:10,482090100",..A....,Windows,false,false
batch4/6__1.xls,regular_file,92192256,14531307,415F48D1,m3:25,false,false,.xls,PASS,"2019-12-19 13:57:25,261614800",..A....,Windows,false,false
batch4/6__2.xls,regular_file,82186752,13083307,AEC1BE7A,m3:25,false,false,.xls,PASS,"2019-12-19 16:03:36,583000000",..A....,Windows,false,false
batch4/7.xls,regular_file,50741248,6982444,EF137FBF,m3:25,false,false,.xls,PASS,"2019-12-18 23:22:46,885778200",..A....,Windows,false,false
batch4/7__1.xls,regular_file,93750784,12068245,B201A510,m3:25,false,false,.xls,PASS,"2019-12-19 13:58:40,252549500",..A....,Windows,false,false
batch4/7__2.xls,regular_file,77679616,10493155,34AA3724,m3:25,false,false,.xls,PASS,"2019-12-19 16:04:25,373000000",..A....,Windows,false,false
batch4/8.xls,regular_file,50742784,7029554,CF1FF632,m3:25,false,false,.xls,PASS,"2019-12-18 23:23:22,687470200",..A....,Windows,false,false
batch4/8__1.xls,regular_file,93778432,12528619,AEDC070D,m3:25,false,false,.xls,PASS,"2019-12-19 13:59:53,276298000",..A....,Windows,false,false
batch4/8__2.xls,regular_file,82421248,11629484,DAD05EC2,m3:25,false,false,.xls,PASS,"2019-12-19 16:05:16,973000000",..A....,Windows,false,false
batch4/9.xls,regular_file,50742784,7000799,BAB04A02,m3:25,false,false,.xls,PASS,"2019-12-18 23:23:58,540330200",..A....,Windows,false,false
batch4/9__1.xls,regular_file,93777408,12125754,527CDB67,m3:25,false,false,.xls,PASS,"2019-12-19 14:01:06,014001800",..A....,Windows,false,false
batch4/9__2.xls,regular_file,77766656,10763208,FCC45D86,m3:25,false,false,.xls,PASS,"2019-12-19 16:06:06,307000000",..A....,Windows,false,false
batch1/1.xls,regular_file,25555456,3363452,A462F561,m3:25,false,false,.xls,PASS,"2019-12-20 14:12:16,311000000",..A....,Windows,false,false
batch1/10.xls,regular_file,25573888,3397758,BCD569C6,m3:25,false,false,.xls,PASS,"2019-12-20 14:16:09,178000000",..A....,Windows,false,false
batch1/11.xls,regular_file,25127936,3596867,174103B6,m3:25,false,false,.xls,PASS,"2019-12-20 14:16:41,056000000",..A....,Windows,false,false
batch1/12.xls,regular_file,25470464,3533146,4DD58E4B,m3:25,false,false,.xls,PASS,"2019-12-20 14:17:08,767000000",..A....,Windows,false,false
batch1/13.xls,regular_file,25499136,3475463,4482DA83,m3:25,false,false,.xls,PASS,"2019-12-20 14:17:33,202000000",..A....,Windows,false,false
batch1/14.xls,regular_file,24936448,3611152,86855B16,m3:25,false,false,.xls,PASS,"2019-12-20 14:17:58,510000000",..A....,Windows,false,false
batch1/15.xls,regular_file,25395200,3402825,EBC458C6,m3:25,false,false,.xls,PASS,"2019-12-20 14:18:23,382000000",..A....,Windows,false,false
batch1/16.xls,regular_file,25572864,3367505,5911CF87,m3:25,false,false,.xls,PASS,"2019-12-20 14:18:48,999000000",..A....,Windows,false,false
batch1/17.xls,regular_file,25646080,3391249,C9AD69FF,m3:25,false,false,.xls,PASS,"2019-12-20 14:19:14,503000000",..A....,Windows,false,false
batch1/18.xls,regular_file,25519616,3359906,62AADB1D,m3:25,false,false,.xls,PASS,"2019-12-20 14:19:39,431000000",..A....,Windows,false,false
batch1/19.xls,regular_file,25622016,3330312,AC044CC5,m3:25,false,false,.xls,PASS,"2019-12-20 14:20:04,890000000",..A....,Windows,false,false
batch1/2.xls,regular_file,25553408,3364908,F9639FB3,m3:25,false,false,.xls,PASS,"2019-12-20 14:12:44,434000000",..A....,Windows,false,false
batch1/20.xls,regular_file,25241088,3604323,3B7DA748,m3:25,false,false,.xls,PASS,"2019-12-20 14:20:32,969000000",..A....,Windows,false,false
batch1/21.xls,regular_file,25429504,3383461,C80DB0A2,m3:25,false,false,.xls,PASS,"2019-12-20 14:21:02,571000000",..A....,Windows,false,false
batch1/22.xls,regular_file,25532928,3407419,56999DAE,m3:25,false,false,.xls,PASS,"2019-12-20 14:21:26,955000000",..A....,Windows,false,false
batch1/23.xls,regular_file,25544704,3381888,940651BA,m3:25,false,false,.xls,PASS,"2019-12-20 14:21:51,762000000",..A....,Windows,false,false
batch1/24.xls,regular_file,25316864,3617649,A1EA5946,m3:25,false,false,.xls,PASS,"2019-12-20 14:22:22,046000000",..A....,Windows,false,false
batch1/25.xls,regular_file,25534464,3440925,51EDF566,m3:25,false,false,.xls,PASS,"2019-12-20 14:22:51,495000000",..A....,Windows,false,false
batch1/26.xls,regular_file,25400832,3513126,F0AA10EB,m3:25,false,false,.xls,PASS,"2019-12-20 14:23:42,194000000",..A....,Windows,false,false
batch1/27.xls,regular_file,24985600,3651457,FA8CC389,m3:25,false,false,.xls,PASS,"2019-12-20 14:24:07,059000000",..A....,Windows,false,false
batch1/28.xls,regular_file,25239552,3619599,76905E6E,m3:25,false,false,.xls,PASS,"2019-12-20 14:24:33,412000000",..A....,Windows,false,false
batch1/3.xls,regular_file,25010176,3635326,B454B050,m3:25,false,false,.xls,PASS,"2019-12-20 14:13:13,692000000",..A....,Windows,false,false
batch1/4.xls,regular_file,25200128,3650365,BCF40FE6,m3:25,false,false,.xls,PASS,"2019-12-20 14:13:42,436000000",..A....,Windows,false,false
batch1/5.xls,regular_file,25351168,3518217,065E40EE,m3:25,false,false,.xls,PASS,"2019-12-20 14:14:05,409000000",..A....,Windows,false,false
batch1/6.xls,regular_file,25255424,3635369,EF9A63A6,m3:25,false,false,.xls,PASS,"2019-12-20 14:14:29,553000000",..A....,Windows,false,false
batch1/7.xls,regular_file,25531904,3466018,16B5B0C7,m3:25,false,false,.xls,PASS,"2019-12-20 14:14:53,453000000",..A....,Windows,false,false
batch1/8.xls,regular_file,25049600,3659528,0D123AA6,m3:25,false,false,.xls,PASS,"2019-12-20 14:15:17,597000000",..A....,Windows,false,false
batch1/9.xls,regular_file,24908288,3621090,89A53666,m3:25,false,false,.xls,PASS,"2019-12-20 14:15:43,254000000",..A....,Windows,false,false
batch2/1.xls,regular_file,51806720,7562066,E9BB0774,m3:25,false,false,.xls,PASS,"2019-12-20 19:30:42,218000000",..A....,Windows,false,false
batch2/10.xls,regular_file,51684352,7009379,A3C223A0,m3:25,false,false,.xls,PASS,"2019-12-20 19:37:03,348000000",..A....,Windows,false,false
batch2/11.xls,regular_file,52367872,7067550,179A3A25,m3:25,false,false,.xls,PASS,"2019-12-20 19:37:40,902000000",..A....,Windows,false,false
batch2/12.xls,regular_file,51218944,7673505,308C5044,m3:25,false,false,.xls,PASS,"2019-12-20 19:38:18,687000000",..A....,Windows,false,false
batch2/13.xls,regular_file,50589184,7199873,6936D1DC,m3:25,false,false,.xls,PASS,"2019-12-20 19:38:55,958000000",..A....,Windows,false,false
batch2/14.xls,regular_file,50991616,7095424,3F08BD40,m3:25,false,false,.xls,PASS,"2019-12-20 19:39:33,834000000",..A....,Windows,false,false
batch2/15.xls,regular_file,51989504,6577419,42150DF5,m3:25,false,false,.xls,PASS,"2019-12-20 19:40:11,330000000",..A....,Windows,false,false
batch2/16.xls,regular_file,50897408,7332757,A2AD76CE,m3:25,false,false,.xls,PASS,"2019-12-20 19:40:48,390000000",..A....,Windows,false,false
batch2/17.xls,regular_file,50781184,7378236,01054F46,m3:25,false,false,.xls,PASS,"2019-12-20 19:41:25,119000000",..A....,Windows,false,false
batch2/18.xls,regular_file,51445248,7259858,CBF27E5D,m3:25,false,false,.xls,PASS,"2019-12-20 19:42:02,406000000",..A....,Windows,false,false
batch2/19.xls,regular_file,51833344,7428767,37860F6B,m3:25,false,false,.xls,PASS,"2019-12-20 19:42:40,082000000",..A....,Windows,false,false
batch2/2.xls,regular_file,51559936,7652117,DA08C97A,m3:25,false,false,.xls,PASS,"2019-12-20 19:31:17,464000000",..A....,Windows,false,false
batch2/20.xls,regular_file,51894784,6914101,7ECAED94,m3:25,false,false,.xls,PASS,"2019-12-20 19:43:17,554000000",..A....,Windows,false,false
batch2/21.xls,regular_file,51873280,7208425,DD5E832B,m3:25,false,false,.xls,PASS,"2019-12-20 19:43:54,721000000",..A....,Windows,false,false
batch2/22.xls,regular_file,52153344,7060385,FE824D32,m3:25,false,false,.xls,PASS,"2019-12-20 19:44:32,035000000",..A....,Windows,false,false
batch2/23.xls,regular_file,51804160,7149832,AC04A6BA,m3:25,false,false,.xls,PASS,"2019-12-20 19:45:09,409000000",..A....,Windows,false,false
batch2/24.xls,regular_file,51244032,7239826,49D234B5,m3:25,false,false,.xls,PASS,"2019-12-20 19:45:46,098000000",..A....,Windows,false,false
batch2/25.xls,regular_file,51171328,7390553,131D8CB7,m3:25,false,false,.xls,PASS,"2019-12-20 19:46:23,367000000",..A....,Windows,false,false
batch2/3.xls,regular_file,51677184,7087123,DC41946C,m3:25,false,false,.xls,PASS,"2019-12-20 19:31:53,618000000",..A....,Windows,false,false
batch2/4.xls,regular_file,52189184,7497135,1CBA2E72,m3:25,false,false,.xls,PASS,"2019-12-20 19:32:30,258000000",..A....,Windows,false,false
batch2/5.xls,regular_file,51698688,7195060,03ACD147,m3:25,false,false,.xls,PASS,"2019-12-20 19:33:09,009000000",..A....,Windows,false,false
batch2/6.xls,regular_file,52253696,7697111,D12F4672,m3:25,false,false,.xls,PASS,"2019-12-20 19:34:01,270000000",..A....,Windows,false,false
batch2/7.xls,regular_file,52518912,7394890,79C0F440,m3:25,false,false,.xls,PASS,"2019-12-20 19:34:59,245000000",..A....,Windows,false,false
batch2/8.xls,regular_file,51420160,7588053,DF6A8245,m3:25,false,false,.xls,PASS,"2019-12-20 19:35:45,753000000",..A....,Windows,false,false
batch2/9.xls,regular_file,51500032,7640439,E2757824,m3:25,false,false,.xls,PASS,"2019-12-20 19:36:24,987000000",..A....,Windows,false,false
batch3,directory,0,0,00000000,m0,false,false,NA,PASS,"2019-12-20 14:25:16,701788500",...D...,Windows,false,false
batch4,directory,0,0,00000000,m0,false,false,NA,PASS,"2019-12-19 17:36:12,933508400",...D...,Windows,false,false
batch1,directory,0,0,00000000,m0,false,false,NA,PASS,"2019-12-20 14:33:15,287221800",...D...,Windows,false,false
batch2,directory,0,0,00000000,m0,false,false,NA,PASS,"2019-12-20 19:51:25,737942500",...D...,Windows,false,false
