member_path,member_type,batch_path_component,provisional_filename_stem,segment_suffix,uncompressed_bytes,packed_bytes,crc,compression_method,encrypted,link_fields_empty,extension,listing_safety_status,row_content_status
batch3/1.xls,regular_file_claim_from_listing,batch3,1,base,50755584,6875194,7C8074DD,m3:25,-,True,.xls,PASS_LISTING_METADATA,NOT_EXTRACTED_NOT_PARSED
batch3/10.xls,regular_file_claim_from_listing,batch3,10,base,49763328,8000607,FBE77800,m3:25,-,True,.xls,PASS_LISTING_METADATA,NOT_EXTRACTED_NOT_PARSED
batch3/10__1.xls,regular_file_claim_from_listing,batch3,10,__1,92248576,14490067,3EF275B4,m3:25,-,True,.xls,PASS_LISTING_METADATA,NOT_EXTRACTED_NOT_PARSED
batch3/10__2.xls,regular_file_claim_from_listing,batch3,10,__2,65001984,9987736,E85D29CA,m3:25,-,True,.xls,PASS_LISTING_METADATA,NOT_EXTRACTED_NOT_PARSED
batch3/11.xls,regular_file_claim_from_listing,batch3,11,base,50167296,7998540,86F4706A,m3:25,-,True,.xls,PASS_LISTING_METADATA,NOT_EXTRACTED_NOT_PARSED
batch3/11__1.xls,regular_file_claim_from_listing,batch3,11,__1,92185088,14256883,10666741,m3:25,-,True,.xls,PASS_LISTING_METADATA,NOT_EXTRACTED_NOT_PARSED
batch3/11__2.xls,regular_file_claim_from_listing,batch3,11,__2,84644352,12711577,85ABAB2A,m3:25,-,True,.xls,PASS_LISTING_METADATA,NOT_EXTRACTED_NOT_PARSED
batch3/12.xls,regular_file_claim_from_listing,batch3,12,base,50501120,7588082,4557D91C,m3:25,-,True,.xls,PASS_LISTING_METADATA,NOT_EXTRACTED_NOT_PARSED
batch3/12__1.xls,regular_file_claim_from_listing,batch3,12,__1,93296128,13870651,8CBC672B,m3:25,-,True,.xls,PASS_LISTING_METADATA,NOT_EXTRACTED_NOT_PARSED
batch3/12__2.xls,regular_file_claim_from_listing,batch3,12,__2,63827456,9377985,074D8651,m3:25,-,True,.xls,PASS_LISTING_METADATA,NOT_EXTRACTED_NOT_PARSED
batch3/13.xls,regular_file_claim_from_listing,batch3,13,base,50405888,7764364,7575AAF8,m3:25,-,True,.xls,PASS_LISTING_METADATA,NOT_EXTRACTED_NOT_PARSED
batch3/13__1.xls,regular_file_claim_from_listing,batch3,13,__1,93284352,13287781,6A0E69D7,m3:25,-,True,.xls,PASS_LISTING_METADATA,NOT_EXTRACTED_NOT_PARSED
batch3/13__2.xls,regular_file_claim_from_listing,batch3,13,__2,74156032,10625816,638B60C5,m3:25,-,True,.xls,PASS_LISTING_METADATA,NOT_EXTRACTED_NOT_PARSED
batch3/14.xls,regular_file_claim_from_listing,batch3,14,base,50743808,6885748,EE484231,m3:25,-,True,.xls,PASS_LISTING_METADATA,NOT_EXTRACTED_NOT_PARSED
batch3/14__1.xls,regular_file_claim_from_listing,batch3,14,__1,93804544,11787766,7453457A,m3:25,-,True,.xls,PASS_LISTING_METADATA,NOT_EXTRACTED_NOT_PARSED
batch3/14__2.xls,regular_file_claim_from_listing,batch3,14,__2,87813120,10971268,4A4A29A4,m3:25,-,True,.xls,PASS_LISTING_METADATA,NOT_EXTRACTED_NOT_PARSED
batch3/15.xls,regular_file_claim_from_listing,batch3,15,base,50087424,7772187,FFA1C84D,m3:25,-,True,.xls,PASS_LISTING_METADATA,NOT_EXTRACTED_NOT_PARSED
batch3/15__1.xls,regular_file_claim_from_listing,batch3,15,__1,93017600,13519096,BEB1F50E,m3:25,-,True,.xls,PASS_LISTING_METADATA,NOT_EXTRACTED_NOT_PARSED
batch3/15__2.xls,regular_file_claim_from_listing,batch3,15,__2,86078976,11239389,1A60A193,m3:25,-,True,.xls,PASS_LISTING_METADATA,NOT_EXTRACTED_NOT_PARSED
batch3/16.xls,regular_file_claim_from_listing,batch3,16,base,50713088,6831058,BDEDBA18,m3:25,-,True,.xls,PASS_LISTING_METADATA,NOT_EXTRACTED_NOT_PARSED
batch3/16__1.xls,regular_file_claim_from_listing,batch3,16,__1,93639168,12433073,E95282EC,m3:25,-,True,.xls,PASS_LISTING_METADATA,NOT_EXTRACTED_NOT_PARSED
batch3/16__2.xls,regular_file_claim_from_listing,batch3,16,__2,78230528,11673066,D6D0389C,m3:25,-,True,.xls,PASS_LISTING_METADATA,NOT_EXTRACTED_NOT_PARSED
batch3/17.xls,regular_file_claim_from_listing,batch3,17,base,50615808,6997639,28C46A8C,m3:25,-,True,.xls,PASS_LISTING_METADATA,NOT_EXTRACTED_NOT_PARSED
batch3/17__1.xls,regular_file_claim_from_listing,batch3,17,__1,93040640,13248496,F67CC31F,m3:25,-,True,.xls,PASS_LISTING_METADATA,NOT_EXTRACTED_NOT_PARSED
batch3/17__2.xls,regular_file_claim_from_listing,batch3,17,__2,84833792,12351543,BB21CC4E,m3:25,-,True,.xls,PASS_LISTING_METADATA,NOT_EXTRACTED_NOT_PARSED
batch3/18.xls,regular_file_claim_from_listing,batch3,18,base,50746880,6705750,A4F7E7CB,m3:25,-,True,.xls,PASS_LISTING_METADATA,NOT_EXTRACTED_NOT_PARSED
batch3/18__1.xls,regular_file_claim_from_listing,batch3,18,__1,93794816,11720257,7EB4CDE7,m3:25,-,True,.xls,PASS_LISTING_METADATA,NOT_EXTRACTED_NOT_PARSED
batch3/18__2.xls,regular_file_claim_from_listing,batch3,18,__2,84913664,10593815,8CC8A13A,m3:25,-,True,.xls,PASS_LISTING_METADATA,NOT_EXTRACTED_NOT_PARSED
batch3/19.xls,regular_file_claim_from_listing,batch3,19,base,50630656,7165230,B8AC6633,m3:25,-,True,.xls,PASS_LISTING_METADATA,NOT_EXTRACTED_NOT_PARSED
batch3/19__1.xls,regular_file_claim_from_listing,batch3,19,__1,93625856,12287286,A7CB773A,m3:25,-,True,.xls,PASS_LISTING_METADATA,NOT_EXTRACTED_NOT_PARSED
batch3/19__2.xls,regular_file_claim_from_listing,batch3,19,__2,74099712,9884852,989354EA,m3:25,-,True,.xls,PASS_LISTING_METADATA,NOT_EXTRACTED_NOT_PARSED
batch3/1__1.xls,regular_file_claim_from_listing,batch3,1,__1,93768192,11694925,589A711A,m3:25,-,True,.xls,PASS_LISTING_METADATA,NOT_EXTRACTED_NOT_PARSED
batch3/1__2.xls,regular_file_claim_from_listing,batch3,1,__2,62510592,8448851,5ED66E33,m3:25,-,True,.xls,PASS_LISTING_METADATA,NOT_EXTRACTED_NOT_PARSED
batch3/2.xls,regular_file_claim_from_listing,batch3,2,base,50733056,6706916,CE5757E0,m3:25,-,True,.xls,PASS_LISTING_METADATA,NOT_EXTRACTED_NOT_PARSED
batch3/20.xls,regular_file_claim_from_listing,batch3,20,base,49463296,7797708,735280CE,m3:25,-,True,.xls,PASS_LISTING_METADATA,NOT_EXTRACTED_NOT_PARSED
batch3/20__1.xls,regular_file_claim_from_listing,batch3,20,__1,91263488,13589605,AE4751BB,m3:25,-,True,.xls,PASS_LISTING_METADATA,NOT_EXTRACTED_NOT_PARSED
batch3/20__2.xls,regular_file_claim_from_listing,batch3,20,__2,74480128,11410076,4C9DB3C8,m3:25,-,True,.xls,PASS_LISTING_METADATA,NOT_EXTRACTED_NOT_PARSED
batch3/21.xls,regular_file_claim_from_listing,batch3,21,base,50750464,6676394,EC8B88BB,m3:25,-,True,.xls,PASS_LISTING_METADATA,NOT_EXTRACTED_NOT_PARSED
batch3/21__1.xls,regular_file_claim_from_listing,batch3,21,__1,93806080,11457348,3E0974DB,m3:25,-,True,.xls,PASS_LISTING_METADATA,NOT_EXTRACTED_NOT_PARSED
batch3/21__2.xls,regular_file_claim_from_listing,batch3,21,__2,86398976,10829981,CD6524F2,m3:25,-,True,.xls,PASS_LISTING_METADATA,NOT_EXTRACTED_NOT_PARSED
batch3/22.xls,regular_file_claim_from_listing,batch3,22,base,50739200,6594327,BFEC9FD1,m3:25,-,True,.xls,PASS_LISTING_METADATA,NOT_EXTRACTED_NOT_PARSED
batch3/22__1.xls,regular_file_claim_from_listing,batch3,22,__1,93763584,11011520,55116A7A,m3:25,-,True,.xls,PASS_LISTING_METADATA,NOT_EXTRACTED_NOT_PARSED
batch3/22__2.xls,regular_file_claim_from_listing,batch3,22,__2,77305344,10190971,3ACACC8B,m3:25,-,True,.xls,PASS_LISTING_METADATA,NOT_EXTRACTED_NOT_PARSED
batch3/23.xls,regular_file_claim_from_listing,batch3,23,base,50739200,6600296,8715895D,m3:25,-,True,.xls,PASS_LISTING_METADATA,NOT_EXTRACTED_NOT_PARSED
batch3/23__1.xls,regular_file_claim_from_listing,batch3,23,__1,93764096,11010687,EC5F1DBF,m3:25,-,True,.xls,PASS_LISTING_METADATA,NOT_EXTRACTED_NOT_PARSED
batch3/23__2.xls,regular_file_claim_from_listing,batch3,23,__2,77305856,10191430,FD6C7CE2,m3:25,-,True,.xls,PASS_LISTING_METADATA,NOT_EXTRACTED_NOT_PARSED
batch3/24.xls,regular_file_claim_from_listing,batch3,24,base,50743808,6631874,4E44E192,m3:25,-,True,.xls,PASS_LISTING_METADATA,NOT_EXTRACTED_NOT_PARSED
batch3/24__1.xls,regular_file_claim_from_listing,batch3,24,__1,93798912,11408012,D6895A52,m3:25,-,True,.xls,PASS_LISTING_METADATA,NOT_EXTRACTED_NOT_PARSED
batch3/24__2.xls,regular_file_claim_from_listing,batch3,24,__2,84273152,9980002,8B88EA7F,m3:25,-,True,.xls,PASS_LISTING_METADATA,NOT_EXTRACTED_NOT_PARSED
batch3/25.xls,regular_file_claim_from_listing,batch3,25,base,50726912,6864647,FA59670F,m3:25,-,True,.xls,PASS_LISTING_METADATA,NOT_EXTRACTED_NOT_PARSED
batch3/25__1.xls,regular_file_claim_from_listing,batch3,25,__1,93785088,12088356,E776282C,m3:25,-,True,.xls,PASS_LISTING_METADATA,NOT_EXTRACTED_NOT_PARSED
batch3/25__2.xls,regular_file_claim_from_listing,batch3,25,__2,81704960,10425928,A304EBD0,m3:25,-,True,.xls,PASS_LISTING_METADATA,NOT_EXTRACTED_NOT_PARSED
batch3/26.xls,regular_file_claim_from_listing,batch3,26,base,50725376,6797275,E00AE3A4,m3:25,-,True,.xls,PASS_LISTING_METADATA,NOT_EXTRACTED_NOT_PARSED
batch3/26__1.xls,regular_file_claim_from_listing,batch3,26,__1,93766656,11667747,82F6F4BA,m3:25,-,True,.xls,PASS_LISTING_METADATA,NOT_EXTRACTED_NOT_PARSED
batch3/26__2.xls,regular_file_claim_from_listing,batch3,26,__2,87072256,11027550,E013FC86,m3:25,-,True,.xls,PASS_LISTING_METADATA,NOT_EXTRACTED_NOT_PARSED
batch3/27.xls,regular_file_claim_from_listing,batch3,27,base,50737664,6986258,459BBB84,m3:25,-,True,.xls,PASS_LISTING_METADATA,NOT_EXTRACTED_NOT_PARSED
batch3/27__1.xls,regular_file_claim_from_listing,batch3,27,__1,93755904,12493951,B787BEFF,m3:25,-,True,.xls,PASS_LISTING_METADATA,NOT_EXTRACTED_NOT_PARSED
batch3/27__2.xls,regular_file_claim_from_listing,batch3,27,__2,65853952,8648080,0FF9730F,m3:25,-,True,.xls,PASS_LISTING_METADATA,NOT_EXTRACTED_NOT_PARSED
batch3/28.xls,regular_file_claim_from_listing,batch3,28,base,49955840,7866315,E7F5C383,m3:25,-,True,.xls,PASS_LISTING_METADATA,NOT_EXTRACTED_NOT_PARSED
batch3/28__1.xls,regular_file_claim_from_listing,batch3,28,__1,92107776,13900908,BA2F8847,m3:25,-,True,.xls,PASS_LISTING_METADATA,NOT_EXTRACTED_NOT_PARSED
batch3/28__2.xls,regular_file_claim_from_listing,batch3,28,__2,72571392,11231284,CE242D97,m3:25,-,True,.xls,PASS_LISTING_METADATA,NOT_EXTRACTED_NOT_PARSED
batch3/29.xls,regular_file_claim_from_listing,batch3,29,base,49869824,7648481,77A5AE5C,m3:25,-,True,.xls,PASS_LISTING_METADATA,NOT_EXTRACTED_NOT_PARSED
batch3/29__1.xls,regular_file_claim_from_listing,batch3,29,__1,91936256,13710027,975F4BF1,m3:25,-,True,.xls,PASS_LISTING_METADATA,NOT_EXTRACTED_NOT_PARSED
batch3/29__2.xls,regular_file_claim_from_listing,batch3,29,__2,84001792,12274961,2C926494,m3:25,-,True,.xls,PASS_LISTING_METADATA,NOT_EXTRACTED_NOT_PARSED
batch3/2__1.xls,regular_file_claim_from_listing,batch3,2,__1,93776384,11404312,4C03A235,m3:25,-,True,.xls,PASS_LISTING_METADATA,NOT_EXTRACTED_NOT_PARSED
batch3/2__2.xls,regular_file_claim_from_listing,batch3,2,__2,68866048,9194788,CD7F4ED7,m3:25,-,True,.xls,PASS_LISTING_METADATA,NOT_EXTRACTED_NOT_PARSED
batch3/3.xls,regular_file_claim_from_listing,batch3,3,base,50738176,6603077,F3517A6F,m3:25,-,True,.xls,PASS_LISTING_METADATA,NOT_EXTRACTED_NOT_PARSED
batch3/30.xls,regular_file_claim_from_listing,batch3,30,base,50750976,6793345,B7F975FB,m3:25,-,True,.xls,PASS_LISTING_METADATA,NOT_EXTRACTED_NOT_PARSED
batch3/30__1.xls,regular_file_claim_from_listing,batch3,30,__1,93783552,11900707,9D5DFAD6,m3:25,-,True,.xls,PASS_LISTING_METADATA,NOT_EXTRACTED_NOT_PARSED
batch3/30__2.xls,regular_file_claim_from_listing,batch3,30,__2,77941248,10124545,6BA12B62,m3:25,-,True,.xls,PASS_LISTING_METADATA,NOT_EXTRACTED_NOT_PARSED
batch3/3__1.xls,regular_file_claim_from_listing,batch3,3,__1,93749760,11491311,98FA23E3,m3:25,-,True,.xls,PASS_LISTING_METADATA,NOT_EXTRACTED_NOT_PARSED
batch3/3__2.xls,regular_file_claim_from_listing,batch3,3,__2,72939008,9610585,6DCD5F3C,m3:25,-,True,.xls,PASS_LISTING_METADATA,NOT_EXTRACTED_NOT_PARSED
batch3/4.xls,regular_file_claim_from_listing,batch3,4,base,50741248,6712650,38127A84,m3:25,-,True,.xls,PASS_LISTING_METADATA,NOT_EXTRACTED_NOT_PARSED
batch3/4__1.xls,regular_file_claim_from_listing,batch3,4,__1,93772288,11986105,E130CB94,m3:25,-,True,.xls,PASS_LISTING_METADATA,NOT_EXTRACTED_NOT_PARSED
batch3/4__2.xls,regular_file_claim_from_listing,batch3,4,__2,73976320,9731695,8B681DD4,m3:25,-,True,.xls,PASS_LISTING_METADATA,NOT_EXTRACTED_NOT_PARSED
batch3/5.xls,regular_file_claim_from_listing,batch3,5,base,50468352,7719307,62CDE1A5,m3:25,-,True,.xls,PASS_LISTING_METADATA,NOT_EXTRACTED_NOT_PARSED
batch3/5__1.xls,regular_file_claim_from_listing,batch3,5,__1,93257728,13180891,27644A6C,m3:25,-,True,.xls,PASS_LISTING_METADATA,NOT_EXTRACTED_NOT_PARSED
batch3/5__2.xls,regular_file_claim_from_listing,batch3,5,__2,56276480,8625855,2AF2A307,m3:25,-,True,.xls,PASS_LISTING_METADATA,NOT_EXTRACTED_NOT_PARSED
batch3/6.xls,regular_file_claim_from_listing,batch3,6,base,50751488,6814447,36B3A5AF,m3:25,-,True,.xls,PASS_LISTING_METADATA,NOT_EXTRACTED_NOT_PARSED
batch3/6__1.xls,regular_file_claim_from_listing,batch3,6,__1,93800960,11850119,727AD0F8,m3:25,-,True,.xls,PASS_LISTING_METADATA,NOT_EXTRACTED_NOT_PARSED
batch3/6__2.xls,regular_file_claim_from_listing,batch3,6,__2,85356032,10698082,ECD9CF05,m3:25,-,True,.xls,PASS_LISTING_METADATA,NOT_EXTRACTED_NOT_PARSED
batch3/7.xls,regular_file_claim_from_listing,batch3,7,base,50749952,6863454,BDA5A718,m3:25,-,True,.xls,PASS_LISTING_METADATA,NOT_EXTRACTED_NOT_PARSED
batch3/7__1.xls,regular_file_claim_from_listing,batch3,7,__1,93794816,11981891,11C4ADB8,m3:25,-,True,.xls,PASS_LISTING_METADATA,NOT_EXTRACTED_NOT_PARSED
batch3/7__2.xls,regular_file_claim_from_listing,batch3,7,__2,84768768,11160482,2D119BF8,m3:25,-,True,.xls,PASS_LISTING_METADATA,NOT_EXTRACTED_NOT_PARSED
batch3/8.xls,regular_file_claim_from_listing,batch3,8,base,50750976,6820412,ACEE9BFB,m3:25,-,True,.xls,PASS_LISTING_METADATA,NOT_EXTRACTED_NOT_PARSED
batch3/8__1.xls,regular_file_claim_from_listing,batch3,8,__1,93787136,12439517,F22FA9DD,m3:25,-,True,.xls,PASS_LISTING_METADATA,NOT_EXTRACTED_NOT_PARSED
batch3/8__2.xls,regular_file_claim_from_listing,batch3,8,__2,81015808,10523960,63853152,m3:25,-,True,.xls,PASS_LISTING_METADATA,NOT_EXTRACTED_NOT_PARSED
batch3/9.xls,regular_file_claim_from_listing,batch3,9,base,50752000,6747547,9039618F,m3:25,-,True,.xls,PASS_LISTING_METADATA,NOT_EXTRACTED_NOT_PARSED
batch3/9__1.xls,regular_file_claim_from_listing,batch3,9,__1,93792256,12214896,AF683320,m3:25,-,True,.xls,PASS_LISTING_METADATA,NOT_EXTRACTED_NOT_PARSED
batch3/9__2.xls,regular_file_claim_from_listing,batch3,9,__2,81540608,10577204,B1EC7A73,m3:25,-,True,.xls,PASS_LISTING_METADATA,NOT_EXTRACTED_NOT_PARSED
batch4/1.xls,regular_file_claim_from_listing,batch4,1,base,50723840,6983552,6D232C11,m3:25,-,True,.xls,PASS_LISTING_METADATA,NOT_EXTRACTED_NOT_PARSED
batch4/10.xls,regular_file_claim_from_listing,batch4,10,base,49960960,7977774,5B718AC5,m3:25,-,True,.xls,PASS_LISTING_METADATA,NOT_EXTRACTED_NOT_PARSED
batch4/10__1.xls,regular_file_claim_from_listing,batch4,10,__1,91640320,14018779,C51D5C35,m3:25,-,True,.xls,PASS_LISTING_METADATA,NOT_EXTRACTED_NOT_PARSED
batch4/10__2.xls,regular_file_claim_from_listing,batch4,10,__2,82135552,13529528,88E9F36B,m3:25,-,True,.xls,PASS_LISTING_METADATA,NOT_EXTRACTED_NOT_PARSED
batch4/11.xls,regular_file_claim_from_listing,batch4,11,base,50624512,7430774,2BE483C1,m3:25,-,True,.xls,PASS_LISTING_METADATA,NOT_EXTRACTED_NOT_PARSED
batch4/11__1.xls,regular_file_claim_from_listing,batch4,11,__1,93209600,13582743,1E82EC50,m3:25,-,True,.xls,PASS_LISTING_METADATA,NOT_EXTRACTED_NOT_PARSED
batch4/11__2.xls,regular_file_claim_from_listing,batch4,11,__2,85388288,12647072,EAFD92F2,m3:25,-,True,.xls,PASS_LISTING_METADATA,NOT_EXTRACTED_NOT_PARSED
batch4/12.xls,regular_file_claim_from_listing,batch4,12,base,50726912,6893355,E25C4A2D,m3:25,-,True,.xls,PASS_LISTING_METADATA,NOT_EXTRACTED_NOT_PARSED
batch4/12__1.xls,regular_file_claim_from_listing,batch4,12,__1,93776384,12390341,330B718E,m3:25,-,True,.xls,PASS_LISTING_METADATA,NOT_EXTRACTED_NOT_PARSED
batch4/12__2.xls,regular_file_claim_from_listing,batch4,12,__2,79804928,10656652,27F920E0,m3:25,-,True,.xls,PASS_LISTING_METADATA,NOT_EXTRACTED_NOT_PARSED
batch4/13.xls,regular_file_claim_from_listing,batch4,13,base,50396672,7710567,00795FD6,m3:25,-,True,.xls,PASS_LISTING_METADATA,NOT_EXTRACTED_NOT_PARSED
batch4/13__1.xls,regular_file_claim_from_listing,batch4,13,__1,93487616,12863228,0814D661,m3:25,-,True,.xls,PASS_LISTING_METADATA,NOT_EXTRACTED_NOT_PARSED
batch4/13__2.xls,regular_file_claim_from_listing,batch4,13,__2,74614272,11065740,EE29F9ED,m3:25,-,True,.xls,PASS_LISTING_METADATA,NOT_EXTRACTED_NOT_PARSED
batch4/14.xls,regular_file_claim_from_listing,batch4,14,base,49715200,8147737,8F66ACE4,m3:25,-,True,.xls,PASS_LISTING_METADATA,NOT_EXTRACTED_NOT_PARSED
batch4/14__1.xls,regular_file_claim_from_listing,batch4,14,__1,91405312,13833511,DEF5C37C,m3:25,-,True,.xls,PASS_LISTING_METADATA,NOT_EXTRACTED_NOT_PARSED
batch4/14__2.xls,regular_file_claim_from_listing,batch4,14,__2,55592960,8939555,5476C9A7,m3:25,-,True,.xls,PASS_LISTING_METADATA,NOT_EXTRACTED_NOT_PARSED
batch4/15.xls,regular_file_claim_from_listing,batch4,15,base,50731008,6973809,FCD40A84,m3:25,-,True,.xls,PASS_LISTING_METADATA,NOT_EXTRACTED_NOT_PARSED
batch4/15__1.xls,regular_file_claim_from_listing,batch4,15,__1,93747712,11707193,32A87C23,m3:25,-,True,.xls,PASS_LISTING_METADATA,NOT_EXTRACTED_NOT_PARSED
batch4/15__2.xls,regular_file_claim_from_listing,batch4,15,__2,49425920,5990417,88882ACB,m3:25,-,True,.xls,PASS_LISTING_METADATA,NOT_EXTRACTED_NOT_PARSED
batch4/16.xls,regular_file_claim_from_listing,batch4,16,base,50028544,7973251,C9995D8B,m3:25,-,True,.xls,PASS_LISTING_METADATA,NOT_EXTRACTED_NOT_PARSED
batch4/16__1.xls,regular_file_claim_from_listing,batch4,16,__1,92169216,14066174,32DD3EA3,m3:25,-,True,.xls,PASS_LISTING_METADATA,NOT_EXTRACTED_NOT_PARSED
batch4/16__2.xls,regular_file_claim_from_listing,batch4,16,__2,73989632,11755027,56608202,m3:25,-,True,.xls,PASS_LISTING_METADATA,NOT_EXTRACTED_NOT_PARSED
batch4/17.xls,regular_file_claim_from_listing,batch4,17,base,50476032,7572521,32127E3C,m3:25,-,True,.xls,PASS_LISTING_METADATA,NOT_EXTRACTED_NOT_PARSED
batch4/17__1.xls,regular_file_claim_from_listing,batch4,17,__1,93409792,12897733,8B22DCD8,m3:25,-,True,.xls,PASS_LISTING_METADATA,NOT_EXTRACTED_NOT_PARSED
batch4/17__2.xls,regular_file_claim_from_listing,batch4,17,__2,83163648,13185842,A37EF0C3,m3:25,-,True,.xls,PASS_LISTING_METADATA,NOT_EXTRACTED_NOT_PARSED
batch4/18.xls,regular_file_claim_from_listing,batch4,18,base,50676224,7027470,B0BEEB30,m3:25,-,True,.xls,PASS_LISTING_METADATA,NOT_EXTRACTED_NOT_PARSED
batch4/18__1.xls,regular_file_claim_from_listing,batch4,18,__1,93351936,13409169,C5D3A281,m3:25,-,True,.xls,PASS_LISTING_METADATA,NOT_EXTRACTED_NOT_PARSED
batch4/18__2.xls,regular_file_claim_from_listing,batch4,18,__2,64220672,8816357,D6B14BE1,m3:25,-,True,.xls,PASS_LISTING_METADATA,NOT_EXTRACTED_NOT_PARSED
batch4/19.xls,regular_file_claim_from_listing,batch4,19,base,50495488,7485296,91AB6B79,m3:25,-,True,.xls,PASS_LISTING_METADATA,NOT_EXTRACTED_NOT_PARSED
batch4/19__1.xls,regular_file_claim_from_listing,batch4,19,__1,93170176,13209737,1116A1D8,m3:25,-,True,.xls,PASS_LISTING_METADATA,NOT_EXTRACTED_NOT_PARSED
batch4/19__2.xls,regular_file_claim_from_listing,batch4,19,__2,74702336,10975268,E66A44E3,m3:25,-,True,.xls,PASS_LISTING_METADATA,NOT_EXTRACTED_NOT_PARSED
batch4/1__1.xls,regular_file_claim_from_listing,batch4,1,__1,93793280,12299527,4FA0B104,m3:25,-,True,.xls,PASS_LISTING_METADATA,NOT_EXTRACTED_NOT_PARSED
batch4/1__2.xls,regular_file_claim_from_listing,batch4,1,__2,83756544,11766306,110BA5C2,m3:25,-,True,.xls,PASS_LISTING_METADATA,NOT_EXTRACTED_NOT_PARSED
batch4/2.xls,regular_file_claim_from_listing,batch4,2,base,50674176,6865616,3D53DFF4,m3:25,-,True,.xls,PASS_LISTING_METADATA,NOT_EXTRACTED_NOT_PARSED
batch4/20.xls,regular_file_claim_from_listing,batch4,20,base,50727424,6795699,A6103EB4,m3:25,-,True,.xls,PASS_LISTING_METADATA,NOT_EXTRACTED_NOT_PARSED
batch4/20__1.xls,regular_file_claim_from_listing,batch4,20,__1,93770240,11737459,D75F04FC,m3:25,-,True,.xls,PASS_LISTING_METADATA,NOT_EXTRACTED_NOT_PARSED
batch4/20__2.xls,regular_file_claim_from_listing,batch4,20,__2,86317056,11253391,774A7D49,m3:25,-,True,.xls,PASS_LISTING_METADATA,NOT_EXTRACTED_NOT_PARSED
batch4/21.xls,regular_file_claim_from_listing,batch4,21,base,50355712,7456037,93DEE9C8,m3:25,-,True,.xls,PASS_LISTING_METADATA,NOT_EXTRACTED_NOT_PARSED
batch4/21__1.xls,regular_file_claim_from_listing,batch4,21,__1,93225472,12930400,E9AE4C4C,m3:25,-,True,.xls,PASS_LISTING_METADATA,NOT_EXTRACTED_NOT_PARSED
batch4/21__2.xls,regular_file_claim_from_listing,batch4,21,__2,75090944,11379700,334E8063,m3:25,-,True,.xls,PASS_LISTING_METADATA,NOT_EXTRACTED_NOT_PARSED
batch4/22.xls,regular_file_claim_from_listing,batch4,22,base,49479168,7825984,D447359B,m3:25,-,True,.xls,PASS_LISTING_METADATA,NOT_EXTRACTED_NOT_PARSED
batch4/22__1.xls,regular_file_claim_from_listing,batch4,22,__1,91228160,13775909,8695268F,m3:25,-,True,.xls,PASS_LISTING_METADATA,NOT_EXTRACTED_NOT_PARSED
batch4/22__2.xls,regular_file_claim_from_listing,batch4,22,__2,70419456,11270351,251E6740,m3:25,-,True,.xls,PASS_LISTING_METADATA,NOT_EXTRACTED_NOT_PARSED
batch4/23.xls,regular_file_claim_from_listing,batch4,23,base,50747392,6761266,1693D868,m3:25,-,True,.xls,PASS_LISTING_METADATA,NOT_EXTRACTED_NOT_PARSED
batch4/23__1.xls,regular_file_claim_from_listing,batch4,23,__1,93804032,11598440,3FCD258E,m3:25,-,True,.xls,PASS_LISTING_METADATA,NOT_EXTRACTED_NOT_PARSED
batch4/23__2.xls,regular_file_claim_from_listing,batch4,23,__2,86019584,11169444,B8E9FD9E,m3:25,-,True,.xls,PASS_LISTING_METADATA,NOT_EXTRACTED_NOT_PARSED
batch4/24.xls,regular_file_claim_from_listing,batch4,24,base,50735104,6534658,0D9DF3E4,m3:25,-,True,.xls,PASS_LISTING_METADATA,NOT_EXTRACTED_NOT_PARSED
batch4/24__1.xls,regular_file_claim_from_listing,batch4,24,__1,93755392,11271488,7151AA24,m3:25,-,True,.xls,PASS_LISTING_METADATA,NOT_EXTRACTED_NOT_PARSED
batch4/24__2.xls,regular_file_claim_from_listing,batch4,24,__2,60128256,7713975,E40E68CF,m3:25,-,True,.xls,PASS_LISTING_METADATA,NOT_EXTRACTED_NOT_PARSED
batch4/25.xls,regular_file_claim_from_listing,batch4,25,base,50746880,6463771,44926252,m3:25,-,True,.xls,PASS_LISTING_METADATA,NOT_EXTRACTED_NOT_PARSED
batch4/25__1.xls,regular_file_claim_from_listing,batch4,25,__1,93773312,11970202,FD6565B0,m3:25,-,True,.xls,PASS_LISTING_METADATA,NOT_EXTRACTED_NOT_PARSED
batch4/25__2.xls,regular_file_claim_from_listing,batch4,25,__2,81699328,10523440,3033974A,m3:25,-,True,.xls,PASS_LISTING_METADATA,NOT_EXTRACTED_NOT_PARSED
batch4/26.xls,regular_file_claim_from_listing,batch4,26,base,50747904,6645709,E56B09E6,m3:25,-,True,.xls,PASS_LISTING_METADATA,NOT_EXTRACTED_NOT_PARSED
batch4/26__1.xls,regular_file_claim_from_listing,batch4,26,__1,93766656,11725627,43F8D5A6,m3:25,-,True,.xls,PASS_LISTING_METADATA,NOT_EXTRACTED_NOT_PARSED
batch4/26__2.xls,regular_file_claim_from_listing,batch4,26,__2,74045952,9947316,DA0E2DAA,m3:25,-,True,.xls,PASS_LISTING_METADATA,NOT_EXTRACTED_NOT_PARSED
batch4/27.xls,regular_file_claim_from_listing,batch4,27,base,50559488,7455440,7401404C,m3:25,-,True,.xls,PASS_LISTING_METADATA,NOT_EXTRACTED_NOT_PARSED
batch4/27__1.xls,regular_file_claim_from_listing,batch4,27,__1,93588480,12513352,8677ADC5,m3:25,-,True,.xls,PASS_LISTING_METADATA,NOT_EXTRACTED_NOT_PARSED
batch4/27__2.xls,regular_file_claim_from_listing,batch4,27,__2,83815424,12712817,546BB43D,m3:25,-,True,.xls,PASS_LISTING_METADATA,NOT_EXTRACTED_NOT_PARSED
batch4/28.xls,regular_file_claim_from_listing,batch4,28,base,49758208,8020258,CEBFE524,m3:25,-,True,.xls,PASS_LISTING_METADATA,NOT_EXTRACTED_NOT_PARSED
batch4/28__1.xls,regular_file_claim_from_listing,batch4,28,__1,91728896,14245519,84B77621,m3:25,-,True,.xls,PASS_LISTING_METADATA,NOT_EXTRACTED_NOT_PARSED
batch4/28__2.xls,regular_file_claim_from_listing,batch4,28,__2,60953600,9938972,886AB09D,m3:25,-,True,.xls,PASS_LISTING_METADATA,NOT_EXTRACTED_NOT_PARSED
batch4/29.xls,regular_file_claim_from_listing,batch4,29,base,49962496,7700895,006DA18D,m3:25,-,True,.xls,PASS_LISTING_METADATA,NOT_EXTRACTED_NOT_PARSED
batch4/29__1.xls,regular_file_claim_from_listing,batch4,29,__1,92116480,14005938,449AC8F9,m3:25,-,True,.xls,PASS_LISTING_METADATA,NOT_EXTRACTED_NOT_PARSED
batch4/29__2.xls,regular_file_claim_from_listing,batch4,29,__2,79235584,11818070,9EAFFBA8,m3:25,-,True,.xls,PASS_LISTING_METADATA,NOT_EXTRACTED_NOT_PARSED
batch4/2__1.xls,regular_file_claim_from_listing,batch4,2,__1,93632512,12065751,5A17C210,m3:25,-,True,.xls,PASS_LISTING_METADATA,NOT_EXTRACTED_NOT_PARSED
batch4/2__2.xls,regular_file_claim_from_listing,batch4,2,__2,77192192,10003000,CB988FEA,m3:25,-,True,.xls,PASS_LISTING_METADATA,NOT_EXTRACTED_NOT_PARSED
batch4/3.xls,regular_file_claim_from_listing,batch4,3,base,49607168,7811442,37DCE1F7,m3:25,-,True,.xls,PASS_LISTING_METADATA,NOT_EXTRACTED_NOT_PARSED
batch4/30.xls,regular_file_claim_from_listing,batch4,30,base,50746368,6705047,9B8D7466,m3:25,-,True,.xls,PASS_LISTING_METADATA,NOT_EXTRACTED_NOT_PARSED
batch4/30__1.xls,regular_file_claim_from_listing,batch4,30,__1,93779968,11646603,D7A2E5E5,m3:25,-,True,.xls,PASS_LISTING_METADATA,NOT_EXTRACTED_NOT_PARSED
batch4/30__2.xls,regular_file_claim_from_listing,batch4,30,__2,74668032,10100546,897F9C7C,m3:25,-,True,.xls,PASS_LISTING_METADATA,NOT_EXTRACTED_NOT_PARSED
batch4/3__1.xls,regular_file_claim_from_listing,batch4,3,__1,91295232,13616570,9CF19477,m3:25,-,True,.xls,PASS_LISTING_METADATA,NOT_EXTRACTED_NOT_PARSED
batch4/3__2.xls,regular_file_claim_from_listing,batch4,3,__2,81105408,13733624,B6358810,m3:25,-,True,.xls,PASS_LISTING_METADATA,NOT_EXTRACTED_NOT_PARSED
batch4/4.xls,regular_file_claim_from_listing,batch4,4,base,50736640,6605904,DB84CB75,m3:25,-,True,.xls,PASS_LISTING_METADATA,NOT_EXTRACTED_NOT_PARSED
batch4/4__1.xls,regular_file_claim_from_listing,batch4,4,__1,93741056,11515987,20F6164C,m3:25,-,True,.xls,PASS_LISTING_METADATA,NOT_EXTRACTED_NOT_PARSED
batch4/4__2.xls,regular_file_claim_from_listing,batch4,4,__2,82320384,11444344,359E93CD,m3:25,-,True,.xls,PASS_LISTING_METADATA,NOT_EXTRACTED_NOT_PARSED
batch4/5.xls,regular_file_claim_from_listing,batch4,5,base,49779712,7725419,05F47BD9,m3:25,-,True,.xls,PASS_LISTING_METADATA,NOT_EXTRACTED_NOT_PARSED
batch4/5__1.xls,regular_file_claim_from_listing,batch4,5,__1,92272640,13868713,B98212B2,m3:25,-,True,.xls,PASS_LISTING_METADATA,NOT_EXTRACTED_NOT_PARSED
batch4/5__2.xls,regular_file_claim_from_listing,batch4,5,__2,81937408,12851830,4C9AA036,m3:25,-,True,.xls,PASS_LISTING_METADATA,NOT_EXTRACTED_NOT_PARSED
batch4/6.xls,regular_file_claim_from_listing,batch4,6,base,50155520,8097656,C273057D,m3:25,-,True,.xls,PASS_LISTING_METADATA,NOT_EXTRACTED_NOT_PARSED
batch4/6__1.xls,regular_file_claim_from_listing,batch4,6,__1,92192256,14531307,415F48D1,m3:25,-,True,.xls,PASS_LISTING_METADATA,NOT_EXTRACTED_NOT_PARSED
batch4/6__2.xls,regular_file_claim_from_listing,batch4,6,__2,82186752,13083307,AEC1BE7A,m3:25,-,True,.xls,PASS_LISTING_METADATA,NOT_EXTRACTED_NOT_PARSED
batch4/7.xls,regular_file_claim_from_listing,batch4,7,base,50741248,6982444,EF137FBF,m3:25,-,True,.xls,PASS_LISTING_METADATA,NOT_EXTRACTED_NOT_PARSED
batch4/7__1.xls,regular_file_claim_from_listing,batch4,7,__1,93750784,12068245,B201A510,m3:25,-,True,.xls,PASS_LISTING_METADATA,NOT_EXTRACTED_NOT_PARSED
batch4/7__2.xls,regular_file_claim_from_listing,batch4,7,__2,77679616,10493155,34AA3724,m3:25,-,True,.xls,PASS_LISTING_METADATA,NOT_EXTRACTED_NOT_PARSED
batch4/8.xls,regular_file_claim_from_listing,batch4,8,base,50742784,7029554,CF1FF632,m3:25,-,True,.xls,PASS_LISTING_METADATA,NOT_EXTRACTED_NOT_PARSED
batch4/8__1.xls,regular_file_claim_from_listing,batch4,8,__1,93778432,12528619,AEDC070D,m3:25,-,True,.xls,PASS_LISTING_METADATA,NOT_EXTRACTED_NOT_PARSED
batch4/8__2.xls,regular_file_claim_from_listing,batch4,8,__2,82421248,11629484,DAD05EC2,m3:25,-,True,.xls,PASS_LISTING_METADATA,NOT_EXTRACTED_NOT_PARSED
batch4/9.xls,regular_file_claim_from_listing,batch4,9,base,50742784,7000799,BAB04A02,m3:25,-,True,.xls,PASS_LISTING_METADATA,NOT_EXTRACTED_NOT_PARSED
batch4/9__1.xls,regular_file_claim_from_listing,batch4,9,__1,93777408,12125754,527CDB67,m3:25,-,True,.xls,PASS_LISTING_METADATA,NOT_EXTRACTED_NOT_PARSED
batch4/9__2.xls,regular_file_claim_from_listing,batch4,9,__2,77766656,10763208,FCC45D86,m3:25,-,True,.xls,PASS_LISTING_METADATA,NOT_EXTRACTED_NOT_PARSED
batch1/1.xls,regular_file_claim_from_listing,batch1,1,base,25555456,3363452,A462F561,m3:25,-,True,.xls,PASS_LISTING_METADATA,NOT_EXTRACTED_NOT_PARSED
batch1/10.xls,regular_file_claim_from_listing,batch1,10,base,25573888,3397758,BCD569C6,m3:25,-,True,.xls,PASS_LISTING_METADATA,NOT_EXTRACTED_NOT_PARSED
batch1/11.xls,regular_file_claim_from_listing,batch1,11,base,25127936,3596867,174103B6,m3:25,-,True,.xls,PASS_LISTING_METADATA,NOT_EXTRACTED_NOT_PARSED
batch1/12.xls,regular_file_claim_from_listing,batch1,12,base,25470464,3533146,4DD58E4B,m3:25,-,True,.xls,PASS_LISTING_METADATA,NOT_EXTRACTED_NOT_PARSED
batch1/13.xls,regular_file_claim_from_listing,batch1,13,base,25499136,3475463,4482DA83,m3:25,-,True,.xls,PASS_LISTING_METADATA,NOT_EXTRACTED_NOT_PARSED
batch1/14.xls,regular_file_claim_from_listing,batch1,14,base,24936448,3611152,86855B16,m3:25,-,True,.xls,PASS_LISTING_METADATA,NOT_EXTRACTED_NOT_PARSED
batch1/15.xls,regular_file_claim_from_listing,batch1,15,base,25395200,3402825,EBC458C6,m3:25,-,True,.xls,PASS_LISTING_METADATA,NOT_EXTRACTED_NOT_PARSED
batch1/16.xls,regular_file_claim_from_listing,batch1,16,base,25572864,3367505,5911CF87,m3:25,-,True,.xls,PASS_LISTING_METADATA,NOT_EXTRACTED_NOT_PARSED
batch1/17.xls,regular_file_claim_from_listing,batch1,17,base,25646080,3391249,C9AD69FF,m3:25,-,True,.xls,PASS_LISTING_METADATA,NOT_EXTRACTED_NOT_PARSED
batch1/18.xls,regular_file_claim_from_listing,batch1,18,base,25519616,3359906,62AADB1D,m3:25,-,True,.xls,PASS_LISTING_METADATA,NOT_EXTRACTED_NOT_PARSED
batch1/19.xls,regular_file_claim_from_listing,batch1,19,base,25622016,3330312,AC044CC5,m3:25,-,True,.xls,PASS_LISTING_METADATA,NOT_EXTRACTED_NOT_PARSED
batch1/2.xls,regular_file_claim_from_listing,batch1,2,base,25553408,3364908,F9639FB3,m3:25,-,True,.xls,PASS_LISTING_METADATA,NOT_EXTRACTED_NOT_PARSED
batch1/20.xls,regular_file_claim_from_listing,batch1,20,base,25241088,3604323,3B7DA748,m3:25,-,True,.xls,PASS_LISTING_METADATA,NOT_EXTRACTED_NOT_PARSED
batch1/21.xls,regular_file_claim_from_listing,batch1,21,base,25429504,3383461,C80DB0A2,m3:25,-,True,.xls,PASS_LISTING_METADATA,NOT_EXTRACTED_NOT_PARSED
batch1/22.xls,regular_file_claim_from_listing,batch1,22,base,25532928,3407419,56999DAE,m3:25,-,True,.xls,PASS_LISTING_METADATA,NOT_EXTRACTED_NOT_PARSED
batch1/23.xls,regular_file_claim_from_listing,batch1,23,base,25544704,3381888,940651BA,m3:25,-,True,.xls,PASS_LISTING_METADATA,NOT_EXTRACTED_NOT_PARSED
batch1/24.xls,regular_file_claim_from_listing,batch1,24,base,25316864,3617649,A1EA5946,m3:25,-,True,.xls,PASS_LISTING_METADATA,NOT_EXTRACTED_NOT_PARSED
batch1/25.xls,regular_file_claim_from_listing,batch1,25,base,25534464,3440925,51EDF566,m3:25,-,True,.xls,PASS_LISTING_METADATA,NOT_EXTRACTED_NOT_PARSED
batch1/26.xls,regular_file_claim_from_listing,batch1,26,base,25400832,3513126,F0AA10EB,m3:25,-,True,.xls,PASS_LISTING_METADATA,NOT_EXTRACTED_NOT_PARSED
batch1/27.xls,regular_file_claim_from_listing,batch1,27,base,24985600,3651457,FA8CC389,m3:25,-,True,.xls,PASS_LISTING_METADATA,NOT_EXTRACTED_NOT_PARSED
batch1/28.xls,regular_file_claim_from_listing,batch1,28,base,25239552,3619599,76905E6E,m3:25,-,True,.xls,PASS_LISTING_METADATA,NOT_EXTRACTED_NOT_PARSED
batch1/3.xls,regular_file_claim_from_listing,batch1,3,base,25010176,3635326,B454B050,m3:25,-,True,.xls,PASS_LISTING_METADATA,NOT_EXTRACTED_NOT_PARSED
batch1/4.xls,regular_file_claim_from_listing,batch1,4,base,25200128,3650365,BCF40FE6,m3:25,-,True,.xls,PASS_LISTING_METADATA,NOT_EXTRACTED_NOT_PARSED
batch1/5.xls,regular_file_claim_from_listing,batch1,5,base,25351168,3518217,065E40EE,m3:25,-,True,.xls,PASS_LISTING_METADATA,NOT_EXTRACTED_NOT_PARSED
batch1/6.xls,regular_file_claim_from_listing,batch1,6,base,25255424,3635369,EF9A63A6,m3:25,-,True,.xls,PASS_LISTING_METADATA,NOT_EXTRACTED_NOT_PARSED
batch1/7.xls,regular_file_claim_from_listing,batch1,7,base,25531904,3466018,16B5B0C7,m3:25,-,True,.xls,PASS_LISTING_METADATA,NOT_EXTRACTED_NOT_PARSED
batch1/8.xls,regular_file_claim_from_listing,batch1,8,base,25049600,3659528,0D123AA6,m3:25,-,True,.xls,PASS_LISTING_METADATA,NOT_EXTRACTED_NOT_PARSED
batch1/9.xls,regular_file_claim_from_listing,batch1,9,base,24908288,3621090,89A53666,m3:25,-,True,.xls,PASS_LISTING_METADATA,NOT_EXTRACTED_NOT_PARSED
batch2/1.xls,regular_file_claim_from_listing,batch2,1,base,51806720,7562066,E9BB0774,m3:25,-,True,.xls,PASS_LISTING_METADATA,NOT_EXTRACTED_NOT_PARSED
batch2/10.xls,regular_file_claim_from_listing,batch2,10,base,51684352,7009379,A3C223A0,m3:25,-,True,.xls,PASS_LISTING_METADATA,NOT_EXTRACTED_NOT_PARSED
batch2/11.xls,regular_file_claim_from_listing,batch2,11,base,52367872,7067550,179A3A25,m3:25,-,True,.xls,PASS_LISTING_METADATA,NOT_EXTRACTED_NOT_PARSED
batch2/12.xls,regular_file_claim_from_listing,batch2,12,base,51218944,7673505,308C5044,m3:25,-,True,.xls,PASS_LISTING_METADATA,NOT_EXTRACTED_NOT_PARSED
batch2/13.xls,regular_file_claim_from_listing,batch2,13,base,50589184,7199873,6936D1DC,m3:25,-,True,.xls,PASS_LISTING_METADATA,NOT_EXTRACTED_NOT_PARSED
batch2/14.xls,regular_file_claim_from_listing,batch2,14,base,50991616,7095424,3F08BD40,m3:25,-,True,.xls,PASS_LISTING_METADATA,NOT_EXTRACTED_NOT_PARSED
batch2/15.xls,regular_file_claim_from_listing,batch2,15,base,51989504,6577419,42150DF5,m3:25,-,True,.xls,PASS_LISTING_METADATA,NOT_EXTRACTED_NOT_PARSED
batch2/16.xls,regular_file_claim_from_listing,batch2,16,base,50897408,7332757,A2AD76CE,m3:25,-,True,.xls,PASS_LISTING_METADATA,NOT_EXTRACTED_NOT_PARSED
batch2/17.xls,regular_file_claim_from_listing,batch2,17,base,50781184,7378236,01054F46,m3:25,-,True,.xls,PASS_LISTING_METADATA,NOT_EXTRACTED_NOT_PARSED
batch2/18.xls,regular_file_claim_from_listing,batch2,18,base,51445248,7259858,CBF27E5D,m3:25,-,True,.xls,PASS_LISTING_METADATA,NOT_EXTRACTED_NOT_PARSED
batch2/19.xls,regular_file_claim_from_listing,batch2,19,base,51833344,7428767,37860F6B,m3:25,-,True,.xls,PASS_LISTING_METADATA,NOT_EXTRACTED_NOT_PARSED
batch2/2.xls,regular_file_claim_from_listing,batch2,2,base,51559936,7652117,DA08C97A,m3:25,-,True,.xls,PASS_LISTING_METADATA,NOT_EXTRACTED_NOT_PARSED
batch2/20.xls,regular_file_claim_from_listing,batch2,20,base,51894784,6914101,7ECAED94,m3:25,-,True,.xls,PASS_LISTING_METADATA,NOT_EXTRACTED_NOT_PARSED
batch2/21.xls,regular_file_claim_from_listing,batch2,21,base,51873280,7208425,DD5E832B,m3:25,-,True,.xls,PASS_LISTING_METADATA,NOT_EXTRACTED_NOT_PARSED
batch2/22.xls,regular_file_claim_from_listing,batch2,22,base,52153344,7060385,FE824D32,m3:25,-,True,.xls,PASS_LISTING_METADATA,NOT_EXTRACTED_NOT_PARSED
batch2/23.xls,regular_file_claim_from_listing,batch2,23,base,51804160,7149832,AC04A6BA,m3:25,-,True,.xls,PASS_LISTING_METADATA,NOT_EXTRACTED_NOT_PARSED
batch2/24.xls,regular_file_claim_from_listing,batch2,24,base,51244032,7239826,49D234B5,m3:25,-,True,.xls,PASS_LISTING_METADATA,NOT_EXTRACTED_NOT_PARSED
batch2/25.xls,regular_file_claim_from_listing,batch2,25,base,51171328,7390553,131D8CB7,m3:25,-,True,.xls,PASS_LISTING_METADATA,NOT_EXTRACTED_NOT_PARSED
batch2/3.xls,regular_file_claim_from_listing,batch2,3,base,51677184,7087123,DC41946C,m3:25,-,True,.xls,PASS_LISTING_METADATA,NOT_EXTRACTED_NOT_PARSED
batch2/4.xls,regular_file_claim_from_listing,batch2,4,base,52189184,7497135,1CBA2E72,m3:25,-,True,.xls,PASS_LISTING_METADATA,NOT_EXTRACTED_NOT_PARSED
batch2/5.xls,regular_file_claim_from_listing,batch2,5,base,51698688,7195060,03ACD147,m3:25,-,True,.xls,PASS_LISTING_METADATA,NOT_EXTRACTED_NOT_PARSED
batch2/6.xls,regular_file_claim_from_listing,batch2,6,base,52253696,7697111,D12F4672,m3:25,-,True,.xls,PASS_LISTING_METADATA,NOT_EXTRACTED_NOT_PARSED
batch2/7.xls,regular_file_claim_from_listing,batch2,7,base,52518912,7394890,79C0F440,m3:25,-,True,.xls,PASS_LISTING_METADATA,NOT_EXTRACTED_NOT_PARSED
batch2/8.xls,regular_file_claim_from_listing,batch2,8,base,51420160,7588053,DF6A8245,m3:25,-,True,.xls,PASS_LISTING_METADATA,NOT_EXTRACTED_NOT_PARSED
batch2/9.xls,regular_file_claim_from_listing,batch2,9,base,51500032,7640439,E2757824,m3:25,-,True,.xls,PASS_LISTING_METADATA,NOT_EXTRACTED_NOT_PARSED
batch3,directory,batch3,NA,NA,0,0,00000000,m0,-,True,NA,PASS_LISTING_METADATA,NOT_EXTRACTED_NOT_PARSED
batch4,directory,batch4,NA,NA,0,0,00000000,m0,-,True,NA,PASS_LISTING_METADATA,NOT_EXTRACTED_NOT_PARSED
batch1,directory,batch1,NA,NA,0,0,00000000,m0,-,True,NA,PASS_LISTING_METADATA,NOT_EXTRACTED_NOT_PARSED
batch2,directory,batch2,NA,NA,0,0,00000000,m0,-,True,NA,PASS_LISTING_METADATA,NOT_EXTRACTED_NOT_PARSED
