member_path,observed_type,hardlink_count,observed_bytes,expected_bytes,observed_crc32,expected_crc32,type_match,size_match,crc_match,status,model_or_api_executed,numeric_target_emitted
batch1,directory,NA,0,0,00000000,00000000,true,true,true,PASS,false,false
batch1/1.xls,regular_file,1,25555456,25555456,A462F561,A462F561,true,true,true,PASS,false,false
batch1/10.xls,regular_file,1,25573888,25573888,BCD569C6,BCD569C6,true,true,true,PASS,false,false
batch1/11.xls,regular_file,1,25127936,25127936,174103B6,174103B6,true,true,true,PASS,false,false
batch1/12.xls,regular_file,1,25470464,25470464,4DD58E4B,4DD58E4B,true,true,true,PASS,false,false
batch1/13.xls,regular_file,1,25499136,25499136,4482DA83,4482DA83,true,true,true,PASS,false,false
batch1/14.xls,regular_file,1,24936448,24936448,86855B16,86855B16,true,true,true,PASS,false,false
batch1/15.xls,regular_file,1,25395200,25395200,EBC458C6,EBC458C6,true,true,true,PASS,false,false
batch1/16.xls,regular_file,1,25572864,25572864,5911CF87,5911CF87,true,true,true,PASS,false,false
batch1/17.xls,regular_file,1,25646080,25646080,C9AD69FF,C9AD69FF,true,true,true,PASS,false,false
batch1/18.xls,regular_file,1,25519616,25519616,62AADB1D,62AADB1D,true,true,true,PASS,false,false
batch1/19.xls,regular_file,1,25622016,25622016,AC044CC5,AC044CC5,true,true,true,PASS,false,false
batch1/2.xls,regular_file,1,25553408,25553408,F9639FB3,F9639FB3,true,true,true,PASS,false,false
batch1/20.xls,regular_file,1,25241088,25241088,3B7DA748,3B7DA748,true,true,true,PASS,false,false
batch1/21.xls,regular_file,1,25429504,25429504,C80DB0A2,C80DB0A2,true,true,true,PASS,false,false
batch1/22.xls,regular_file,1,25532928,25532928,56999DAE,56999DAE,true,true,true,PASS,false,false
batch1/23.xls,regular_file,1,25544704,25544704,940651BA,940651BA,true,true,true,PASS,false,false
batch1/24.xls,regular_file,1,25316864,25316864,A1EA5946,A1EA5946,true,true,true,PASS,false,false
batch1/25.xls,regular_file,1,25534464,25534464,51EDF566,51EDF566,true,true,true,PASS,false,false
batch1/26.xls,regular_file,1,25400832,25400832,F0AA10EB,F0AA10EB,true,true,true,PASS,false,false
batch1/27.xls,regular_file,1,24985600,24985600,FA8CC389,FA8CC389,true,true,true,PASS,false,false
batch1/28.xls,regular_file,1,25239552,25239552,76905E6E,76905E6E,true,true,true,PASS,false,false
batch1/3.xls,regular_file,1,25010176,25010176,B454B050,B454B050,true,true,true,PASS,false,false
batch1/4.xls,regular_file,1,25200128,25200128,BCF40FE6,BCF40FE6,true,true,true,PASS,false,false
batch1/5.xls,regular_file,1,25351168,25351168,065E40EE,065E40EE,true,true,true,PASS,false,false
batch1/6.xls,regular_file,1,25255424,25255424,EF9A63A6,EF9A63A6,true,true,true,PASS,false,false
batch1/7.xls,regular_file,1,25531904,25531904,16B5B0C7,16B5B0C7,true,true,true,PASS,false,false
batch1/8.xls,regular_file,1,25049600,25049600,0D123AA6,0D123AA6,true,true,true,PASS,false,false
batch1/9.xls,regular_file,1,24908288,24908288,89A53666,89A53666,true,true,true,PASS,false,false
batch2,directory,NA,0,0,00000000,00000000,true,true,true,PASS,false,false
batch2/1.xls,regular_file,1,51806720,51806720,E9BB0774,E9BB0774,true,true,true,PASS,false,false
batch2/10.xls,regular_file,1,51684352,51684352,A3C223A0,A3C223A0,true,true,true,PASS,false,false
batch2/11.xls,regular_file,1,52367872,52367872,179A3A25,179A3A25,true,true,true,PASS,false,false
batch2/12.xls,regular_file,1,51218944,51218944,308C5044,308C5044,true,true,true,PASS,false,false
batch2/13.xls,regular_file,1,50589184,50589184,6936D1DC,6936D1DC,true,true,true,PASS,false,false
batch2/14.xls,regular_file,1,50991616,50991616,3F08BD40,3F08BD40,true,true,true,PASS,false,false
batch2/15.xls,regular_file,1,51989504,51989504,42150DF5,42150DF5,true,true,true,PASS,false,false
batch2/16.xls,regular_file,1,50897408,50897408,A2AD76CE,A2AD76CE,true,true,true,PASS,false,false
batch2/17.xls,regular_file,1,50781184,50781184,01054F46,01054F46,true,true,true,PASS,false,false
batch2/18.xls,regular_file,1,51445248,51445248,CBF27E5D,CBF27E5D,true,true,true,PASS,false,false
batch2/19.xls,regular_file,1,51833344,51833344,37860F6B,37860F6B,true,true,true,PASS,false,false
batch2/2.xls,regular_file,1,51559936,51559936,DA08C97A,DA08C97A,true,true,true,PASS,false,false
batch2/20.xls,regular_file,1,51894784,51894784,7ECAED94,7ECAED94,true,true,true,PASS,false,false
batch2/21.xls,regular_file,1,51873280,51873280,DD5E832B,DD5E832B,true,true,true,PASS,false,false
batch2/22.xls,regular_file,1,52153344,52153344,FE824D32,FE824D32,true,true,true,PASS,false,false
batch2/23.xls,regular_file,1,51804160,51804160,AC04A6BA,AC04A6BA,true,true,true,PASS,false,false
batch2/24.xls,regular_file,1,51244032,51244032,49D234B5,49D234B5,true,true,true,PASS,false,false
batch2/25.xls,regular_file,1,51171328,51171328,131D8CB7,131D8CB7,true,true,true,PASS,false,false
batch2/3.xls,regular_file,1,51677184,51677184,DC41946C,DC41946C,true,true,true,PASS,false,false
batch2/4.xls,regular_file,1,52189184,52189184,1CBA2E72,1CBA2E72,true,true,true,PASS,false,false
batch2/5.xls,regular_file,1,51698688,51698688,03ACD147,03ACD147,true,true,true,PASS,false,false
batch2/6.xls,regular_file,1,52253696,52253696,D12F4672,D12F4672,true,true,true,PASS,false,false
batch2/7.xls,regular_file,1,52518912,52518912,79C0F440,79C0F440,true,true,true,PASS,false,false
batch2/8.xls,regular_file,1,51420160,51420160,DF6A8245,DF6A8245,true,true,true,PASS,false,false
batch2/9.xls,regular_file,1,51500032,51500032,E2757824,E2757824,true,true,true,PASS,false,false
batch3,directory,NA,0,0,00000000,00000000,true,true,true,PASS,false,false
batch3/1.xls,regular_file,1,50755584,50755584,7C8074DD,7C8074DD,true,true,true,PASS,false,false
batch3/10.xls,regular_file,1,49763328,49763328,FBE77800,FBE77800,true,true,true,PASS,false,false
batch3/10__1.xls,regular_file,1,92248576,92248576,3EF275B4,3EF275B4,true,true,true,PASS,false,false
batch3/10__2.xls,regular_file,1,65001984,65001984,E85D29CA,E85D29CA,true,true,true,PASS,false,false
batch3/11.xls,regular_file,1,50167296,50167296,86F4706A,86F4706A,true,true,true,PASS,false,false
batch3/11__1.xls,regular_file,1,92185088,92185088,10666741,10666741,true,true,true,PASS,false,false
batch3/11__2.xls,regular_file,1,84644352,84644352,85ABAB2A,85ABAB2A,true,true,true,PASS,false,false
batch3/12.xls,regular_file,1,50501120,50501120,4557D91C,4557D91C,true,true,true,PASS,false,false
batch3/12__1.xls,regular_file,1,93296128,93296128,8CBC672B,8CBC672B,true,true,true,PASS,false,false
batch3/12__2.xls,regular_file,1,63827456,63827456,074D8651,074D8651,true,true,true,PASS,false,false
batch3/13.xls,regular_file,1,50405888,50405888,7575AAF8,7575AAF8,true,true,true,PASS,false,false
batch3/13__1.xls,regular_file,1,93284352,93284352,6A0E69D7,6A0E69D7,true,true,true,PASS,false,false
batch3/13__2.xls,regular_file,1,74156032,74156032,638B60C5,638B60C5,true,true,true,PASS,false,false
batch3/14.xls,regular_file,1,50743808,50743808,EE484231,EE484231,true,true,true,PASS,false,false
batch3/14__1.xls,regular_file,1,93804544,93804544,7453457A,7453457A,true,true,true,PASS,false,false
batch3/14__2.xls,regular_file,1,87813120,87813120,4A4A29A4,4A4A29A4,true,true,true,PASS,false,false
batch3/15.xls,regular_file,1,50087424,50087424,FFA1C84D,FFA1C84D,true,true,true,PASS,false,false
batch3/15__1.xls,regular_file,1,93017600,93017600,BEB1F50E,BEB1F50E,true,true,true,PASS,false,false
batch3/15__2.xls,regular_file,1,86078976,86078976,1A60A193,1A60A193,true,true,true,PASS,false,false
batch3/16.xls,regular_file,1,50713088,50713088,BDEDBA18,BDEDBA18,true,true,true,PASS,false,false
batch3/16__1.xls,regular_file,1,93639168,93639168,E95282EC,E95282EC,true,true,true,PASS,false,false
batch3/16__2.xls,regular_file,1,78230528,78230528,D6D0389C,D6D0389C,true,true,true,PASS,false,false
batch3/17.xls,regular_file,1,50615808,50615808,28C46A8C,28C46A8C,true,true,true,PASS,false,false
batch3/17__1.xls,regular_file,1,93040640,93040640,F67CC31F,F67CC31F,true,true,true,PASS,false,false
batch3/17__2.xls,regular_file,1,84833792,84833792,BB21CC4E,BB21CC4E,true,true,true,PASS,false,false
batch3/18.xls,regular_file,1,50746880,50746880,A4F7E7CB,A4F7E7CB,true,true,true,PASS,false,false
batch3/18__1.xls,regular_file,1,93794816,93794816,7EB4CDE7,7EB4CDE7,true,true,true,PASS,false,false
batch3/18__2.xls,regular_file,1,84913664,84913664,8CC8A13A,8CC8A13A,true,true,true,PASS,false,false
batch3/19.xls,regular_file,1,50630656,50630656,B8AC6633,B8AC6633,true,true,true,PASS,false,false
batch3/19__1.xls,regular_file,1,93625856,93625856,A7CB773A,A7CB773A,true,true,true,PASS,false,false
batch3/19__2.xls,regular_file,1,74099712,74099712,989354EA,989354EA,true,true,true,PASS,false,false
batch3/1__1.xls,regular_file,1,93768192,93768192,589A711A,589A711A,true,true,true,PASS,false,false
batch3/1__2.xls,regular_file,1,62510592,62510592,5ED66E33,5ED66E33,true,true,true,PASS,false,false
batch3/2.xls,regular_file,1,50733056,50733056,CE5757E0,CE5757E0,true,true,true,PASS,false,false
batch3/20.xls,regular_file,1,49463296,49463296,735280CE,735280CE,true,true,true,PASS,false,false
batch3/20__1.xls,regular_file,1,91263488,91263488,AE4751BB,AE4751BB,true,true,true,PASS,false,false
batch3/20__2.xls,regular_file,1,74480128,74480128,4C9DB3C8,4C9DB3C8,true,true,true,PASS,false,false
batch3/21.xls,regular_file,1,50750464,50750464,EC8B88BB,EC8B88BB,true,true,true,PASS,false,false
batch3/21__1.xls,regular_file,1,93806080,93806080,3E0974DB,3E0974DB,true,true,true,PASS,false,false
batch3/21__2.xls,regular_file,1,86398976,86398976,CD6524F2,CD6524F2,true,true,true,PASS,false,false
batch3/22.xls,regular_file,1,50739200,50739200,BFEC9FD1,BFEC9FD1,true,true,true,PASS,false,false
batch3/22__1.xls,regular_file,1,93763584,93763584,55116A7A,55116A7A,true,true,true,PASS,false,false
batch3/22__2.xls,regular_file,1,77305344,77305344,3ACACC8B,3ACACC8B,true,true,true,PASS,false,false
batch3/23.xls,regular_file,1,50739200,50739200,8715895D,8715895D,true,true,true,PASS,false,false
batch3/23__1.xls,regular_file,1,93764096,93764096,EC5F1DBF,EC5F1DBF,true,true,true,PASS,false,false
batch3/23__2.xls,regular_file,1,77305856,77305856,FD6C7CE2,FD6C7CE2,true,true,true,PASS,false,false
batch3/24.xls,regular_file,1,50743808,50743808,4E44E192,4E44E192,true,true,true,PASS,false,false
batch3/24__1.xls,regular_file,1,93798912,93798912,D6895A52,D6895A52,true,true,true,PASS,false,false
batch3/24__2.xls,regular_file,1,84273152,84273152,8B88EA7F,8B88EA7F,true,true,true,PASS,false,false
batch3/25.xls,regular_file,1,50726912,50726912,FA59670F,FA59670F,true,true,true,PASS,false,false
batch3/25__1.xls,regular_file,1,93785088,93785088,E776282C,E776282C,true,true,true,PASS,false,false
batch3/25__2.xls,regular_file,1,81704960,81704960,A304EBD0,A304EBD0,true,true,true,PASS,false,false
batch3/26.xls,regular_file,1,50725376,50725376,E00AE3A4,E00AE3A4,true,true,true,PASS,false,false
batch3/26__1.xls,regular_file,1,93766656,93766656,82F6F4BA,82F6F4BA,true,true,true,PASS,false,false
batch3/26__2.xls,regular_file,1,87072256,87072256,E013FC86,E013FC86,true,true,true,PASS,false,false
batch3/27.xls,regular_file,1,50737664,50737664,459BBB84,459BBB84,true,true,true,PASS,false,false
batch3/27__1.xls,regular_file,1,93755904,93755904,B787BEFF,B787BEFF,true,true,true,PASS,false,false
batch3/27__2.xls,regular_file,1,65853952,65853952,0FF9730F,0FF9730F,true,true,true,PASS,false,false
batch3/28.xls,regular_file,1,49955840,49955840,E7F5C383,E7F5C383,true,true,true,PASS,false,false
batch3/28__1.xls,regular_file,1,92107776,92107776,BA2F8847,BA2F8847,true,true,true,PASS,false,false
batch3/28__2.xls,regular_file,1,72571392,72571392,CE242D97,CE242D97,true,true,true,PASS,false,false
batch3/29.xls,regular_file,1,49869824,49869824,77A5AE5C,77A5AE5C,true,true,true,PASS,false,false
batch3/29__1.xls,regular_file,1,91936256,91936256,975F4BF1,975F4BF1,true,true,true,PASS,false,false
batch3/29__2.xls,regular_file,1,84001792,84001792,2C926494,2C926494,true,true,true,PASS,false,false
batch3/2__1.xls,regular_file,1,93776384,93776384,4C03A235,4C03A235,true,true,true,PASS,false,false
batch3/2__2.xls,regular_file,1,68866048,68866048,CD7F4ED7,CD7F4ED7,true,true,true,PASS,false,false
batch3/3.xls,regular_file,1,50738176,50738176,F3517A6F,F3517A6F,true,true,true,PASS,false,false
batch3/30.xls,regular_file,1,50750976,50750976,B7F975FB,B7F975FB,true,true,true,PASS,false,false
batch3/30__1.xls,regular_file,1,93783552,93783552,9D5DFAD6,9D5DFAD6,true,true,true,PASS,false,false
batch3/30__2.xls,regular_file,1,77941248,77941248,6BA12B62,6BA12B62,true,true,true,PASS,false,false
batch3/3__1.xls,regular_file,1,93749760,93749760,98FA23E3,98FA23E3,true,true,true,PASS,false,false
batch3/3__2.xls,regular_file,1,72939008,72939008,6DCD5F3C,6DCD5F3C,true,true,true,PASS,false,false
batch3/4.xls,regular_file,1,50741248,50741248,38127A84,38127A84,true,true,true,PASS,false,false
batch3/4__1.xls,regular_file,1,93772288,93772288,E130CB94,E130CB94,true,true,true,PASS,false,false
batch3/4__2.xls,regular_file,1,73976320,73976320,8B681DD4,8B681DD4,true,true,true,PASS,false,false
batch3/5.xls,regular_file,1,50468352,50468352,62CDE1A5,62CDE1A5,true,true,true,PASS,false,false
batch3/5__1.xls,regular_file,1,93257728,93257728,27644A6C,27644A6C,true,true,true,PASS,false,false
batch3/5__2.xls,regular_file,1,56276480,56276480,2AF2A307,2AF2A307,true,true,true,PASS,false,false
batch3/6.xls,regular_file,1,50751488,50751488,36B3A5AF,36B3A5AF,true,true,true,PASS,false,false
batch3/6__1.xls,regular_file,1,93800960,93800960,727AD0F8,727AD0F8,true,true,true,PASS,false,false
batch3/6__2.xls,regular_file,1,85356032,85356032,ECD9CF05,ECD9CF05,true,true,true,PASS,false,false
batch3/7.xls,regular_file,1,50749952,50749952,BDA5A718,BDA5A718,true,true,true,PASS,false,false
batch3/7__1.xls,regular_file,1,93794816,93794816,11C4ADB8,11C4ADB8,true,true,true,PASS,false,false
batch3/7__2.xls,regular_file,1,84768768,84768768,2D119BF8,2D119BF8,true,true,true,PASS,false,false
batch3/8.xls,regular_file,1,50750976,50750976,ACEE9BFB,ACEE9BFB,true,true,true,PASS,false,false
batch3/8__1.xls,regular_file,1,93787136,93787136,F22FA9DD,F22FA9DD,true,true,true,PASS,false,false
batch3/8__2.xls,regular_file,1,81015808,81015808,63853152,63853152,true,true,true,PASS,false,false
batch3/9.xls,regular_file,1,50752000,50752000,9039618F,9039618F,true,true,true,PASS,false,false
batch3/9__1.xls,regular_file,1,93792256,93792256,AF683320,AF683320,true,true,true,PASS,false,false
batch3/9__2.xls,regular_file,1,81540608,81540608,B1EC7A73,B1EC7A73,true,true,true,PASS,false,false
batch4,directory,NA,0,0,00000000,00000000,true,true,true,PASS,false,false
batch4/1.xls,regular_file,1,50723840,50723840,6D232C11,6D232C11,true,true,true,PASS,false,false
batch4/10.xls,regular_file,1,49960960,49960960,5B718AC5,5B718AC5,true,true,true,PASS,false,false
batch4/10__1.xls,regular_file,1,91640320,91640320,C51D5C35,C51D5C35,true,true,true,PASS,false,false
batch4/10__2.xls,regular_file,1,82135552,82135552,88E9F36B,88E9F36B,true,true,true,PASS,false,false
batch4/11.xls,regular_file,1,50624512,50624512,2BE483C1,2BE483C1,true,true,true,PASS,false,false
batch4/11__1.xls,regular_file,1,93209600,93209600,1E82EC50,1E82EC50,true,true,true,PASS,false,false
batch4/11__2.xls,regular_file,1,85388288,85388288,EAFD92F2,EAFD92F2,true,true,true,PASS,false,false
batch4/12.xls,regular_file,1,50726912,50726912,E25C4A2D,E25C4A2D,true,true,true,PASS,false,false
batch4/12__1.xls,regular_file,1,93776384,93776384,330B718E,330B718E,true,true,true,PASS,false,false
batch4/12__2.xls,regular_file,1,79804928,79804928,27F920E0,27F920E0,true,true,true,PASS,false,false
batch4/13.xls,regular_file,1,50396672,50396672,00795FD6,00795FD6,true,true,true,PASS,false,false
batch4/13__1.xls,regular_file,1,93487616,93487616,0814D661,0814D661,true,true,true,PASS,false,false
batch4/13__2.xls,regular_file,1,74614272,74614272,EE29F9ED,EE29F9ED,true,true,true,PASS,false,false
batch4/14.xls,regular_file,1,49715200,49715200,8F66ACE4,8F66ACE4,true,true,true,PASS,false,false
batch4/14__1.xls,regular_file,1,91405312,91405312,DEF5C37C,DEF5C37C,true,true,true,PASS,false,false
batch4/14__2.xls,regular_file,1,55592960,55592960,5476C9A7,5476C9A7,true,true,true,PASS,false,false
batch4/15.xls,regular_file,1,50731008,50731008,FCD40A84,FCD40A84,true,true,true,PASS,false,false
batch4/15__1.xls,regular_file,1,93747712,93747712,32A87C23,32A87C23,true,true,true,PASS,false,false
batch4/15__2.xls,regular_file,1,49425920,49425920,88882ACB,88882ACB,true,true,true,PASS,false,false
batch4/16.xls,regular_file,1,50028544,50028544,C9995D8B,C9995D8B,true,true,true,PASS,false,false
batch4/16__1.xls,regular_file,1,92169216,92169216,32DD3EA3,32DD3EA3,true,true,true,PASS,false,false
batch4/16__2.xls,regular_file,1,73989632,73989632,56608202,56608202,true,true,true,PASS,false,false
batch4/17.xls,regular_file,1,50476032,50476032,32127E3C,32127E3C,true,true,true,PASS,false,false
batch4/17__1.xls,regular_file,1,93409792,93409792,8B22DCD8,8B22DCD8,true,true,true,PASS,false,false
batch4/17__2.xls,regular_file,1,83163648,83163648,A37EF0C3,A37EF0C3,true,true,true,PASS,false,false
batch4/18.xls,regular_file,1,50676224,50676224,B0BEEB30,B0BEEB30,true,true,true,PASS,false,false
batch4/18__1.xls,regular_file,1,93351936,93351936,C5D3A281,C5D3A281,true,true,true,PASS,false,false
batch4/18__2.xls,regular_file,1,64220672,64220672,D6B14BE1,D6B14BE1,true,true,true,PASS,false,false
batch4/19.xls,regular_file,1,50495488,50495488,91AB6B79,91AB6B79,true,true,true,PASS,false,false
batch4/19__1.xls,regular_file,1,93170176,93170176,1116A1D8,1116A1D8,true,true,true,PASS,false,false
batch4/19__2.xls,regular_file,1,74702336,74702336,E66A44E3,E66A44E3,true,true,true,PASS,false,false
batch4/1__1.xls,regular_file,1,93793280,93793280,4FA0B104,4FA0B104,true,true,true,PASS,false,false
batch4/1__2.xls,regular_file,1,83756544,83756544,110BA5C2,110BA5C2,true,true,true,PASS,false,false
batch4/2.xls,regular_file,1,50674176,50674176,3D53DFF4,3D53DFF4,true,true,true,PASS,false,false
batch4/20.xls,regular_file,1,50727424,50727424,A6103EB4,A6103EB4,true,true,true,PASS,false,false
batch4/20__1.xls,regular_file,1,93770240,93770240,D75F04FC,D75F04FC,true,true,true,PASS,false,false
batch4/20__2.xls,regular_file,1,86317056,86317056,774A7D49,774A7D49,true,true,true,PASS,false,false
batch4/21.xls,regular_file,1,50355712,50355712,93DEE9C8,93DEE9C8,true,true,true,PASS,false,false
batch4/21__1.xls,regular_file,1,93225472,93225472,E9AE4C4C,E9AE4C4C,true,true,true,PASS,false,false
batch4/21__2.xls,regular_file,1,75090944,75090944,334E8063,334E8063,true,true,true,PASS,false,false
batch4/22.xls,regular_file,1,49479168,49479168,D447359B,D447359B,true,true,true,PASS,false,false
batch4/22__1.xls,regular_file,1,91228160,91228160,8695268F,8695268F,true,true,true,PASS,false,false
batch4/22__2.xls,regular_file,1,70419456,70419456,251E6740,251E6740,true,true,true,PASS,false,false
batch4/23.xls,regular_file,1,50747392,50747392,1693D868,1693D868,true,true,true,PASS,false,false
batch4/23__1.xls,regular_file,1,93804032,93804032,3FCD258E,3FCD258E,true,true,true,PASS,false,false
batch4/23__2.xls,regular_file,1,86019584,86019584,B8E9FD9E,B8E9FD9E,true,true,true,PASS,false,false
batch4/24.xls,regular_file,1,50735104,50735104,0D9DF3E4,0D9DF3E4,true,true,true,PASS,false,false
batch4/24__1.xls,regular_file,1,93755392,93755392,7151AA24,7151AA24,true,true,true,PASS,false,false
batch4/24__2.xls,regular_file,1,60128256,60128256,E40E68CF,E40E68CF,true,true,true,PASS,false,false
batch4/25.xls,regular_file,1,50746880,50746880,44926252,44926252,true,true,true,PASS,false,false
batch4/25__1.xls,regular_file,1,93773312,93773312,FD6565B0,FD6565B0,true,true,true,PASS,false,false
batch4/25__2.xls,regular_file,1,81699328,81699328,3033974A,3033974A,true,true,true,PASS,false,false
batch4/26.xls,regular_file,1,50747904,50747904,E56B09E6,E56B09E6,true,true,true,PASS,false,false
batch4/26__1.xls,regular_file,1,93766656,93766656,43F8D5A6,43F8D5A6,true,true,true,PASS,false,false
batch4/26__2.xls,regular_file,1,74045952,74045952,DA0E2DAA,DA0E2DAA,true,true,true,PASS,false,false
batch4/27.xls,regular_file,1,50559488,50559488,7401404C,7401404C,true,true,true,PASS,false,false
batch4/27__1.xls,regular_file,1,93588480,93588480,8677ADC5,8677ADC5,true,true,true,PASS,false,false
batch4/27__2.xls,regular_file,1,83815424,83815424,546BB43D,546BB43D,true,true,true,PASS,false,false
batch4/28.xls,regular_file,1,49758208,49758208,CEBFE524,CEBFE524,true,true,true,PASS,false,false
batch4/28__1.xls,regular_file,1,91728896,91728896,84B77621,84B77621,true,true,true,PASS,false,false
batch4/28__2.xls,regular_file,1,60953600,60953600,886AB09D,886AB09D,true,true,true,PASS,false,false
batch4/29.xls,regular_file,1,49962496,49962496,006DA18D,006DA18D,true,true,true,PASS,false,false
batch4/29__1.xls,regular_file,1,92116480,92116480,449AC8F9,449AC8F9,true,true,true,PASS,false,false
batch4/29__2.xls,regular_file,1,79235584,79235584,9EAFFBA8,9EAFFBA8,true,true,true,PASS,false,false
batch4/2__1.xls,regular_file,1,93632512,93632512,5A17C210,5A17C210,true,true,true,PASS,false,false
batch4/2__2.xls,regular_file,1,77192192,77192192,CB988FEA,CB988FEA,true,true,true,PASS,false,false
batch4/3.xls,regular_file,1,49607168,49607168,37DCE1F7,37DCE1F7,true,true,true,PASS,false,false
batch4/30.xls,regular_file,1,50746368,50746368,9B8D7466,9B8D7466,true,true,true,PASS,false,false
batch4/30__1.xls,regular_file,1,93779968,93779968,D7A2E5E5,D7A2E5E5,true,true,true,PASS,false,false
batch4/30__2.xls,regular_file,1,74668032,74668032,897F9C7C,897F9C7C,true,true,true,PASS,false,false
batch4/3__1.xls,regular_file,1,91295232,91295232,9CF19477,9CF19477,true,true,true,PASS,false,false
batch4/3__2.xls,regular_file,1,81105408,81105408,B6358810,B6358810,true,true,true,PASS,false,false
batch4/4.xls,regular_file,1,50736640,50736640,DB84CB75,DB84CB75,true,true,true,PASS,false,false
batch4/4__1.xls,regular_file,1,93741056,93741056,20F6164C,20F6164C,true,true,true,PASS,false,false
batch4/4__2.xls,regular_file,1,82320384,82320384,359E93CD,359E93CD,true,true,true,PASS,false,false
batch4/5.xls,regular_file,1,49779712,49779712,05F47BD9,05F47BD9,true,true,true,PASS,false,false
batch4/5__1.xls,regular_file,1,92272640,92272640,B98212B2,B98212B2,true,true,true,PASS,false,false
batch4/5__2.xls,regular_file,1,81937408,81937408,4C9AA036,4C9AA036,true,true,true,PASS,false,false
batch4/6.xls,regular_file,1,50155520,50155520,C273057D,C273057D,true,true,true,PASS,false,false
batch4/6__1.xls,regular_file,1,92192256,92192256,415F48D1,415F48D1,true,true,true,PASS,false,false
batch4/6__2.xls,regular_file,1,82186752,82186752,AEC1BE7A,AEC1BE7A,true,true,true,PASS,false,false
batch4/7.xls,regular_file,1,50741248,50741248,EF137FBF,EF137FBF,true,true,true,PASS,false,false
batch4/7__1.xls,regular_file,1,93750784,93750784,B201A510,B201A510,true,true,true,PASS,false,false
batch4/7__2.xls,regular_file,1,77679616,77679616,34AA3724,34AA3724,true,true,true,PASS,false,false
batch4/8.xls,regular_file,1,50742784,50742784,CF1FF632,CF1FF632,true,true,true,PASS,false,false
batch4/8__1.xls,regular_file,1,93778432,93778432,AEDC070D,AEDC070D,true,true,true,PASS,false,false
batch4/8__2.xls,regular_file,1,82421248,82421248,DAD05EC2,DAD05EC2,true,true,true,PASS,false,false
batch4/9.xls,regular_file,1,50742784,50742784,BAB04A02,BAB04A02,true,true,true,PASS,false,false
batch4/9__1.xls,regular_file,1,93777408,93777408,527CDB67,527CDB67,true,true,true,PASS,false,false
batch4/9__2.xls,regular_file,1,77766656,77766656,FCC45D86,FCC45D86,true,true,true,PASS,false,false
