model,target,horizon_event_steps,outer_test_unit,planned_count,predicted_count,matured_count,failed_count,metric_status,mae,rmse,mase_training_scale,mase,last_value_mae,relative_mae_vs_last_value,skill_vs_last_value,comparison_status
exponential,capacity_ratio,1,stress2:column:01,7,7,7,0,OK,0.010028393838723988,0.011146025636948062,0.021647333333999999,0.46326231891911923,0.022649999999999965,0.4427546948664019,0.55724530513359816,OK
exponential,capacity_ratio,1,stress2:column:02,7,7,7,0,OK,0.011580280443302853,0.013575473280493772,0.020801333333999996,0.55670856561751092,0.027628571428571398,0.41914148450424021,0.58085851549575973,OK
exponential,capacity_ratio,1,stress2:column:03,7,7,7,0,OK,0.011123230979631511,0.01363199094054816,0.020928333333999995,0.53149148582992045,0.026917142857142844,0.4132396606380459,0.58676033936195404,OK
exponential,capacity_ratio,1,stress2:column:04,7,7,7,0,OK,0.01202174550771056,0.015020251608196191,0.020602333333999998,0.58351378520175146,0.028849999999999962,0.4166982844960338,0.58330171550396614,OK
exponential,capacity_ratio,1,stress2:column:05,7,7,7,0,OK,0.010706514440443651,0.013101255631652219,0.020978,0.51036869293753695,0.026713809528571386,0.40078575947742107,0.59921424052257888,OK
exponential,capacity_ratio,1,stress2:column:06,7,7,7,0,OK,0.013835799129573525,0.016689383560569197,0.020729333334,0.66745026994573986,0.028642857142857098,0.48304535614471233,0.51695464385528767,OK
exponential,capacity_ratio,2,stress2:column:01,6,6,6,0,OK,0.020627773496939394,0.021641964014806867,0.021647333333999999,0.95290136566339789,0.047924999999999975,0.43041780901282012,0.56958219098717988,OK
exponential,capacity_ratio,2,stress2:column:02,6,6,6,0,OK,0.02498381361943371,0.026389971524225231,0.020801333333999996,1.2010678939795367,0.05853666666666666,0.4268062232122381,0.57319377678776195,OK
exponential,capacity_ratio,2,stress2:column:03,6,6,6,0,OK,0.024110434960243992,0.025873794575534025,0.020928333333999995,1.1520475412666704,0.057199999999999994,0.42151110070356634,0.57848889929643366,OK
exponential,capacity_ratio,2,stress2:column:04,6,6,6,0,OK,0.0283766451845745,0.029282689215827207,0.020602333333999998,1.3773510371150324,0.060574999999999969,0.46845472859388387,0.53154527140611618,OK
exponential,capacity_ratio,2,stress2:column:05,6,6,6,0,OK,0.024697996856850351,0.025598082718408782,0.020978,1.1773284801625679,0.05566888889499997,0.44365887926081204,0.55634112073918796,OK
exponential,capacity_ratio,2,stress2:column:06,6,6,6,0,OK,0.028621178296233285,0.031760584368863053,0.020729333334,1.3807090577915102,0.056716666666666637,0.50463435138818635,0.49536564861181365,OK
exponential,capacity_ratio,3,stress2:column:01,5,5,5,0,OK,0.034918431429307506,0.036278424653611883,0.021647333333999999,1.6130592572556497,0.071510000000000004,0.48830137644116212,0.51169862355883788,OK
exponential,capacity_ratio,3,stress2:column:02,5,5,5,0,OK,0.042422606260929731,0.043752179371011037,0.020801333333999996,2.039417645963566,0.087703999999999976,0.48370206901543533,0.51629793098456467,OK
exponential,capacity_ratio,3,stress2:column:03,5,5,5,0,OK,0.039626582682478692,0.041406867710308333,0.020928333333999995,1.893441873754069,0.085128000000000009,0.46549411101492677,0.53450588898507323,OK
exponential,capacity_ratio,3,stress2:column:04,5,5,5,0,OK,0.046087048266836336,0.046267979132353206,0.020602333333999998,2.2369819728515385,0.089717999999999964,0.51368786940007971,0.48631213059992029,OK
exponential,capacity_ratio,3,stress2:column:05,5,5,5,0,OK,0.039688133398959644,0.040109893531512335,0.020978,1.8918930974811536,0.082098666679999988,0.48341995069973587,0.51658004930026413,OK
exponential,capacity_ratio,3,stress2:column:06,5,5,5,0,OK,0.042147774862235421,0.043676933472071813,0.020729333334,2.0332431430925544,0.081439999999999999,0.51753161667774339,0.48246838332225661,OK
exponential,esr_ratio,1,stress2:column:01,7,7,7,0,OK,0.034444208745227814,0.036302559549530558,0.052256633334000005,0.65913562638213818,0.041235714285714299,0.83530040262114891,0.16469959737885109,OK
exponential,esr_ratio,1,stress2:column:02,7,7,7,0,OK,0.036487636433288735,0.040936267432509513,0.052756633334000005,0.69162177583029338,0.037514285714285736,0.97263311132148134,0.027366888678518664,OK
exponential,esr_ratio,1,stress2:column:03,7,7,7,0,OK,0.033627196877362424,0.037356253544112282,0.052486833334000005,0.64067871390479458,0.039077142857142873,0.86053366287028177,0.13946633712971823,OK
exponential,esr_ratio,1,stress2:column:04,7,7,7,0,OK,0.034787065070839063,0.040663572523157554,0.052305033334000009,0.66508064049404425,0.040078571428571408,0.86797168239484424,0.13202831760515576,OK
exponential,esr_ratio,1,stress2:column:05,7,7,7,0,OK,0.035261816934126965,0.038466784880632848,0.05245940000000001,0.67217347003829553,0.03952857142857142,0.89205897556519265,0.10794102443480735,OK
exponential,esr_ratio,1,stress2:column:06,7,7,7,0,OK,0.040254679871195478,0.043484616587691358,0.052558633334000002,0.76590043000899077,0.038794285714285684,1.0376445687817373,-0.037644568781737275,OK
exponential,esr_ratio,2,stress2:column:01,6,6,6,0,OK,0.056241617211089001,0.065107724498737196,0.052256633334000005,1.0762579527773792,0.086008333333333353,0.6539089298837979,0.3460910701162021,OK
exponential,esr_ratio,2,stress2:column:02,6,6,6,0,OK,0.065397911358863234,0.078004943654431613,0.052756633334000005,1.2396149493625159,0.075733333333333361,0.86352875913991911,0.13647124086008089,OK
exponential,esr_ratio,2,stress2:column:03,6,6,6,0,OK,0.057142257531824336,0.070833281115231267,0.052486833334000005,1.0886969912663531,0.080150000000000013,0.71294145392170094,0.28705854607829906,OK
exponential,esr_ratio,2,stress2:column:04,6,6,6,0,OK,0.059639249925417359,0.072565222301506638,0.052305033334000009,1.1402200921005792,0.085324999999999984,0.69896571843442568,0.30103428156557432,OK
exponential,esr_ratio,2,stress2:column:05,6,6,6,0,OK,0.05851794166966251,0.070860265003697617,0.05245940000000001,1.1154901060565408,0.081955,0.71402527813632488,0.28597472186367512,OK
exponential,esr_ratio,2,stress2:column:06,6,6,6,0,OK,0.06422638730101167,0.074998820358377294,0.052558633334000002,1.2219950030447964,0.080043333333333286,0.80239521052361273,0.19760478947638727,OK
exponential,esr_ratio,3,stress2:column:01,5,5,5,0,OK,0.092564969301251437,0.10141760412881659,0.052256633334000005,1.7713534798466515,0.13528999999999999,0.6841966834300498,0.3158033165699502,OK
exponential,esr_ratio,3,stress2:column:02,5,5,5,0,OK,0.081874848579908122,0.11459846119331443,0.052756633334000005,1.551934674480874,0.12172000000000001,0.67264910105083897,0.32735089894916103,OK
exponential,esr_ratio,3,stress2:column:03,5,5,5,0,OK,0.089920801963660951,0.10700800685214869,0.052486833334000005,1.7132068416368322,0.12832000000000005,0.70075437939261942,0.29924562060738058,OK
exponential,esr_ratio,3,stress2:column:04,5,5,5,0,OK,0.072480242746286686,0.10181743911792467,0.052305033334000009,1.3857221404191731,0.13685999999999998,0.52959405776915602,0.47040594223084398,OK
exponential,esr_ratio,3,stress2:column:05,5,5,5,0,OK,0.083286292982626658,0.10433381159251377,0.05245940000000001,1.5876333504124456,0.13039600000000001,0.63871815839923507,0.36128184160076493,OK
exponential,esr_ratio,3,stress2:column:06,5,5,5,0,OK,0.087040106062733311,0.10980648671554591,0.052558633334000002,1.656057255324928,0.12606199999999995,0.69045474498844495,0.30954525501155505,OK
global_drift,capacity_ratio,1,stress2:column:01,7,7,7,0,OK,0.011547358276643962,0.013120124290499533,0.021647333333999999,0.53343098193565064,0.022649999999999965,0.50981714245668786,0.49018285754331214,OK
global_drift,capacity_ratio,1,stress2:column:02,7,7,7,0,OK,0.013306247165532874,0.015559625763981746,0.020801333333999996,0.63968241611626286,0.027628571428571398,0.48161184156530623,0.51838815843469377,OK
global_drift,capacity_ratio,1,stress2:column:03,7,7,7,0,OK,0.012885890022675706,0.015079858522486519,0.020928333333999995,0.61571506039333757,0.026917142857142844,0.4787242870116229,0.52127571298837716,OK
global_drift,capacity_ratio,1,stress2:column:04,7,7,7,0,OK,0.014213778911564612,0.017093973897936664,0.020602333333999998,0.68991112225660556,0.028849999999999962,0.49267864511489184,0.5073213548851081,OK
global_drift,capacity_ratio,1,stress2:column:05,7,7,7,0,OK,0.013148010775845773,0.015021711779973759,0.020978,0.62675234892962972,0.026713809528571386,0.49218029954819809,0.50781970045180191,OK
global_drift,capacity_ratio,1,stress2:column:06,7,7,7,0,OK,0.016036814058956819,0.018756504977954915,0.020729333334,0.77362903092756152,0.028642857142857098,0.5598887701381442,0.4401112298618558,OK
global_drift,capacity_ratio,2,stress2:column:01,6,6,6,0,OK,0.026786984126984121,0.027069484783142649,0.021647333333999999,1.2374265094773416,0.047924999999999975,0.55893550604035758,0.44106449395964242,OK
global_drift,capacity_ratio,2,stress2:column:02,6,6,6,0,OK,0.031429761904761898,0.032213022660277701,0.020801333333999996,1.5109493896427122,0.05853666666666666,0.53692435347808043,0.46307564652191957,OK
global_drift,capacity_ratio,2,stress2:column:03,6,6,6,0,OK,0.030676706349206273,0.031559695543741814,0.020928333333999995,1.4657978664440112,0.057199999999999994,0.53630605505605378,0.46369394494394622,OK
global_drift,capacity_ratio,2,stress2:column:04,6,6,6,0,OK,0.033846039682539575,0.035668026925239363,0.020602333333999998,1.6428255544571502,0.060574999999999969,0.55874601209310093,0.44125398790689907,OK
global_drift,capacity_ratio,2,stress2:column:05,6,6,6,0,OK,0.030767210323825362,0.031667490473667972,0.020978,1.4666417353334618,0.05566888889499997,0.55268231384781219,0.44731768615218781,OK
global_drift,capacity_ratio,2,stress2:column:06,6,6,6,0,OK,0.033684047619047551,0.037253201955956362,0.020729333334,1.62494601617503,0.056716666666666637,0.5939003400361017,0.4060996599638983,OK
global_drift,capacity_ratio,3,stress2:column:01,5,5,5,0,OK,0.042431571428571437,0.042679829204418901,0.021647333333999999,1.9601292581348597,0.071510000000000004,0.59336556325788614,0.40663443674211386,OK
global_drift,capacity_ratio,3,stress2:column:02,5,5,5,0,OK,0.050131571428571366,0.05021339315707446,0.020801333333999996,2.410017214936448,0.087703999999999976,0.57159960125617282,0.42840039874382718,OK
global_drift,capacity_ratio,3,stress2:column:03,5,5,5,0,OK,0.04840657142857141,0.048520378857649017,0.020928333333999995,2.3129682930809641,0.085128000000000009,0.56863278155919794,0.43136721844080206,OK
global_drift,capacity_ratio,3,stress2:column:04,5,5,5,0,OK,0.052668371428571392,0.053621065547078392,0.020602333333999998,2.5564274965716072,0.089717999999999964,0.58704353004493426,0.41295646995506574,OK
global_drift,capacity_ratio,3,stress2:column:05,5,5,5,0,OK,0.04750989525438569,0.047771127075932777,0.020978,2.2647485582222182,0.082098666679999988,0.57869265331150077,0.42130734668849923,OK
global_drift,capacity_ratio,3,stress2:column:06,5,5,5,0,OK,0.049491285714285717,0.052811777985403888,0.020729333334,2.3875001147823078,0.081439999999999999,0.6077024277294415,0.3922975722705585,OK
global_drift,esr_ratio,1,stress2:column:01,7,7,7,0,OK,0.031418373015872962,0.034466625917362721,0.052256633334000005,0.60123224577177392,0.041235714285714299,0.76192139653944457,0.23807860346055543,OK
global_drift,esr_ratio,1,stress2:column:02,7,7,7,0,OK,0.031702093537415009,0.034738335148572948,0.052756633334000005,0.60091199028395914,0.037514285714285736,0.845067230624162,0.154932769375838,OK
global_drift,esr_ratio,1,stress2:column:03,7,7,7,0,OK,0.031799716553287984,0.035639193432215895,0.052486833334000005,0.60586083277172509,0.039077142857142873,0.81376769713027641,0.18623230286972359,OK
global_drift,esr_ratio,1,stress2:column:04,7,7,7,0,OK,0.03226653458049885,0.034567705682363871,0.052305033334000009,0.61689157856868304,0.040078571428571408,0.80508195353231893,0.19491804646768107,OK
global_drift,esr_ratio,1,stress2:column:05,7,7,7,0,OK,0.031154133136337889,0.033467669544538663,0.05245940000000001,0.59387132022741174,0.03952857142857142,0.78814214656438475,0.21185785343561525,OK
global_drift,esr_ratio,1,stress2:column:06,7,7,7,0,OK,0.030741312358276675,0.036246189927484997,0.052558633334000002,0.58489558057800994,0.038794285714285684,0.79241856866967486,0.20758143133032514,OK
global_drift,esr_ratio,2,stress2:column:01,6,6,6,0,OK,0.054769722222222129,0.06144236663027898,0.052256633334000005,1.0480912896198198,0.086008333333333353,0.63679553014888612,0.36320446985111388,OK
global_drift,esr_ratio,2,stress2:column:02,6,6,6,0,OK,0.059039170634920701,0.066206782121539395,0.052756633334000005,1.119085258173057,0.075733333333333361,0.77956651366532592,0.22043348633467408,OK
global_drift,esr_ratio,2,stress2:column:03,6,6,6,0,OK,0.058175476190476139,0.062660213388056107,0.052486833334000005,1.1083822836153299,0.080150000000000013,0.72583251641267788,0.27416748358732212,OK
global_drift,esr_ratio,2,stress2:column:04,6,6,6,0,OK,0.05045940079365082,0.060477386507421488,0.052305033334000009,0.96471405479155925,0.085324999999999984,0.59137885489189368,0.40862114510810632,OK
global_drift,esr_ratio,2,stress2:column:05,6,6,6,0,OK,0.055774414683730122,0.062531678967918655,0.05245940000000001,1.0631920053170665,0.081955,0.68054926098139368,0.31945073901860632,OK
global_drift,esr_ratio,2,stress2:column:06,6,6,6,0,OK,0.060686765873015802,0.068637567317623285,0.052558633334000002,1.1546488563993489,0.080043333333333286,0.7581738958857599,0.2418261041142401,OK
global_drift,esr_ratio,3,stress2:column:01,5,5,5,0,OK,0.079387999999999972,0.080693722928118716,0.052256633334000005,1.5191946923290855,0.13528999999999999,0.58679872865695892,0.41320127134304108,OK
global_drift,esr_ratio,3,stress2:column:02,5,5,5,0,OK,0.084880257142857157,0.091401906440194358,0.052756633334000005,1.6089020807200463,0.12172000000000001,0.69734026571522467,0.30265973428477533,OK
global_drift,esr_ratio,3,stress2:column:03,5,5,5,0,OK,0.083495857142857094,0.086795188807341356,0.052486833334000005,1.5907962404881839,0.12832000000000005,0.6506846722479509,0.3493153277520491,OK
global_drift,esr_ratio,3,stress2:column:04,5,5,5,0,OK,0.070132171428571505,0.078266179940205766,0.052305033334000009,1.3408302596947828,0.13685999999999998,0.51243731863635478,0.48756268136364522,OK
global_drift,esr_ratio,3,stress2:column:05,5,5,5,0,OK,0.080067571430714274,0.084001539590594462,0.05245940000000001,1.5262769194980168,0.13039600000000001,0.61403395373105207,0.38596604626894793,OK
global_drift,esr_ratio,3,stress2:column:06,5,5,5,0,OK,0.086541428571428505,0.092233040772838421,0.052558633334000002,1.6465692329074537,0.12606199999999995,0.68649893363129677,0.31350106636870323,OK
last_value,capacity_ratio,1,stress2:column:01,7,7,7,0,OK,0.022649999999999965,0.023882330886482304,0.021647333333999999,1.0463182531783324,0.022649999999999965,1,0,OK
last_value,capacity_ratio,1,stress2:column:02,7,7,7,0,OK,0.027628571428571398,0.029210032034021643,0.020801333333999996,1.3282115614873693,0.027628571428571398,1,0,OK
last_value,capacity_ratio,1,stress2:column:03,7,7,7,0,OK,0.026917142857142844,0.028342724438053364,0.020928333333999995,1.2861579767278208,0.026917142857142844,1,0,OK
last_value,capacity_ratio,1,stress2:column:04,7,7,7,0,OK,0.028849999999999962,0.030969115260207198,0.020602333333999998,1.4003268237772297,0.028849999999999962,1,0,OK
last_value,capacity_ratio,1,stress2:column:05,7,7,7,0,OK,0.026713809528571386,0.02812681713583888,0.020978,1.2734202273129653,0.026713809528571386,1,0,OK
last_value,capacity_ratio,1,stress2:column:06,7,7,7,0,OK,0.028642857142857098,0.031348524686179345,0.020729333334,1.3817548630894672,0.028642857142857098,1,0,OK
last_value,capacity_ratio,2,stress2:column:01,6,6,6,0,OK,0.047924999999999975,0.048751498609444451,0.021647333333999999,2.2138985555660762,0.047924999999999975,1,0,OK
last_value,capacity_ratio,2,stress2:column:02,6,6,6,0,OK,0.05853666666666666,0.05972518368884825,0.020801333333999996,2.8140824305232335,0.05853666666666666,1,0,OK
last_value,capacity_ratio,2,stress2:column:03,6,6,6,0,OK,0.057199999999999994,0.058111088729547414,0.020928333333999995,2.7331368956682924,0.057199999999999994,1,0,OK
last_value,capacity_ratio,2,stress2:column:04,6,6,6,0,OK,0.060574999999999969,0.06293030894039317,0.020602333333999998,2.9402009480175306,0.060574999999999969,1,0,OK
last_value,capacity_ratio,2,stress2:column:05,6,6,6,0,OK,0.05566888889499997,0.057076302186238222,0.020978,2.6536795163981299,0.05566888889499997,1,0,OK
last_value,capacity_ratio,2,stress2:column:06,6,6,6,0,OK,0.056716666666666637,0.06033891778943333,0.020729333334,2.7360584034625295,0.056716666666666637,1,0,OK
last_value,capacity_ratio,3,stress2:column:01,5,5,5,0,OK,0.071510000000000004,0.07221899154654543,0.021647333333999999,3.3034091957961444,0.071510000000000004,1,0,OK
last_value,capacity_ratio,3,stress2:column:02,5,5,5,0,OK,0.087703999999999976,0.088437523031799095,0.020801333333999996,4.2162681878015427,0.087703999999999976,1,0,OK
last_value,capacity_ratio,3,stress2:column:03,5,5,5,0,OK,0.085128000000000009,0.085689707900073978,0.020928333333999995,4.0675957631896935,0.085128000000000009,1,0,OK
last_value,capacity_ratio,3,stress2:column:04,5,5,5,0,OK,0.089717999999999964,0.091695422023130427,0.020602333333999998,4.3547494618941291,0.089717999999999964,1,0,OK
last_value,capacity_ratio,3,stress2:column:05,5,5,5,0,OK,0.082098666679999988,0.083190320780571397,0.020978,3.9135602383449322,0.082098666679999988,1,0,OK
last_value,capacity_ratio,3,stress2:column:06,5,5,5,0,OK,0.081439999999999999,0.085162573939495265,0.020729333334,3.9287322311722925,0.081439999999999999,1,0,OK
last_value,esr_ratio,1,stress2:column:01,7,7,7,0,OK,0.041235714285714299,0.047159338569213567,0.052256633334000005,0.78910009418622251,0.041235714285714299,1,0,OK
last_value,esr_ratio,1,stress2:column:02,7,7,7,0,OK,0.037514285714285736,0.042601801772762099,0.052756633334000005,0.71108187432629344,0.037514285714285736,1,0,OK
last_value,esr_ratio,1,stress2:column:03,7,7,7,0,OK,0.039077142857142873,0.044907420958488119,0.052486833334000005,0.74451324979877231,0.039077142857142873,1,0,OK
last_value,esr_ratio,1,stress2:column:04,7,7,7,0,OK,0.040078571428571408,0.045000281745149744,0.052305033334000009,0.76624693406932609,0.040078571428571408,1,0,OK
last_value,esr_ratio,1,stress2:column:05,7,7,7,0,OK,0.03952857142857142,0.044228441925062228,0.05245940000000001,0.75350788283074932,0.03952857142857142,1,0,OK
last_value,esr_ratio,1,stress2:column:06,7,7,7,0,OK,0.038794285714285684,0.045248810876246062,0.052558633334000002,0.73811443055901893,0.038794285714285684,1,0,OK
last_value,esr_ratio,2,stress2:column:01,6,6,6,0,OK,0.086008333333333353,0.091757499693485567,0.052256633334000005,1.6458835528804208,0.086008333333333353,1,0,OK
last_value,esr_ratio,2,stress2:column:02,6,6,6,0,OK,0.075733333333333361,0.079382464058506061,0.052756633334000005,1.4355224840423164,0.075733333333333361,1,0,OK
last_value,esr_ratio,2,stress2:column:03,6,6,6,0,OK,0.080150000000000013,0.083557446905307808,0.052486833334000005,1.5270496410016856,0.080150000000000013,1,0,OK
last_value,esr_ratio,2,stress2:column:04,6,6,6,0,OK,0.085324999999999984,0.089396791422660507,0.052305033334000009,1.631296159494767,0.085324999999999984,1,0,OK
last_value,esr_ratio,2,stress2:column:05,6,6,6,0,OK,0.081955,0.086310989063671281,0.05245940000000001,1.5622557635047292,0.081955,1,0,OK
last_value,esr_ratio,2,stress2:column:06,6,6,6,0,OK,0.080043333333333286,0.086802268595546059,0.052558633334000002,1.5229340691694417,0.080043333333333286,1,0,OK
last_value,esr_ratio,3,stress2:column:01,5,5,5,0,OK,0.13528999999999999,0.137284094126013,0.052256633334000005,2.5889536192523055,0.13528999999999999,1,0,OK
last_value,esr_ratio,3,stress2:column:02,5,5,5,0,OK,0.12172000000000001,0.12318840107737417,0.052756633334000005,2.3071980205673066,0.12172000000000001,1,0,OK
last_value,esr_ratio,3,stress2:column:03,5,5,5,0,OK,0.12832000000000005,0.13028323376398057,0.052486833334000005,2.444803617384109,0.12832000000000005,1,0,OK
last_value,esr_ratio,3,stress2:column:04,5,5,5,0,OK,0.13685999999999998,0.13827183328501866,0.052305033334000009,2.6165741856250082,0.13685999999999998,1,0,OK
last_value,esr_ratio,3,stress2:column:05,5,5,5,0,OK,0.13039600000000001,0.13186791750425811,0.05245940000000001,2.4856555736436174,0.13039600000000001,1,0,OK
last_value,esr_ratio,3,stress2:column:06,5,5,5,0,OK,0.12606199999999995,0.12841842212081561,0.052558633334000002,2.3985022441299071,0.12606199999999995,1,0,OK
local_linear,capacity_ratio,1,stress2:column:01,7,7,7,0,OK,0.0086457142857142566,0.011542308508885277,0.021647333333999999,0.39938934520562952,0.022649999999999965,0.38170923998738499,0.61829076001261507,OK
local_linear,capacity_ratio,1,stress2:column:02,7,7,7,0,OK,0.011675714285714376,0.01347029483185672,0.020801333333999996,0.56129643702359688,0.027628571428571398,0.4225956566701175,0.57740434332988255,OK
local_linear,capacity_ratio,1,stress2:column:03,7,7,7,0,OK,0.011551428571428577,0.012965930080682314,0.020928333333999995,0.55195167178755811,0.026917142857142844,0.42914764886954715,0.57085235113045285,OK
local_linear,capacity_ratio,1,stress2:column:04,7,7,7,0,OK,0.011778571428571463,0.013987389728915549,0.020602333333999998,0.57171055518907199,0.028849999999999962,0.40826937360733029,0.59173062639266971,OK
local_linear,capacity_ratio,1,stress2:column:05,7,7,7,0,OK,0.0093644444566667005,0.011412940236598234,0.020978,0.44639357692185627,0.026713809528571386,0.35054695013270526,0.6494530498672948,OK
local_linear,capacity_ratio,1,stress2:column:06,7,7,7,0,OK,0.010454285714285669,0.012999272018688982,0.020729333334,0.5043232961640246,0.028642857142857098,0.36498753117206884,0.63501246882793116,OK
local_linear,capacity_ratio,2,stress2:column:01,6,6,6,0,OK,0.012201666666666647,0.014520914227416937,0.021647333333999999,0.56365680143624508,0.047924999999999975,0.25459920013910597,0.74540079986089403,OK
local_linear,capacity_ratio,2,stress2:column:02,6,6,6,0,OK,0.017243333333333371,0.019641058186021142,0.020801333333999996,0.82895327219957404,0.05853666666666666,0.29457320198166459,0.70542679801833541,OK
local_linear,capacity_ratio,2,stress2:column:03,6,6,6,0,OK,0.016913333333333187,0.02162572927479357,0.020928333333999995,0.80815481402219103,0.057199999999999994,0.29568764568764316,0.70431235431235684,OK
local_linear,capacity_ratio,2,stress2:column:04,6,6,6,0,OK,0.017614999999999974,0.022104012833269262,0.020602333333999998,0.85500024266328944,0.060574999999999969,0.29079653322327664,0.7092034667767233,OK
local_linear,capacity_ratio,2,stress2:column:05,6,6,6,0,OK,0.016077777774999968,0.019733005306216893,0.020978,0.76641137262846637,0.05566888889499997,0.28881082583353002,0.71118917416646998,OK
local_linear,capacity_ratio,2,stress2:column:06,6,6,6,0,OK,0.025316666666666505,0.026307255019607359,0.020729333334,1.2212967131529704,0.056716666666666637,0.44637084925065856,0.55362915074934138,OK
local_linear,capacity_ratio,3,stress2:column:01,5,5,5,0,OK,0.021067999999999976,0.025442044729148624,0.021647333333999999,0.97323765818812868,0.071510000000000004,0.29461613760313204,0.70538386239686801,OK
local_linear,capacity_ratio,3,stress2:column:02,5,5,5,0,OK,0.02648600000000001,0.030748946323410915,0.020801333333999996,1.2732837638204839,0.087703999999999976,0.30199306759098804,0.6980069324090119,OK
local_linear,capacity_ratio,3,stress2:column:03,5,5,5,0,OK,0.026903999999999994,0.032234115467932409,0.020928333333999995,1.28552998323531,0.085128000000000009,0.31604172540174785,0.6839582745982522,OK
local_linear,capacity_ratio,3,stress2:column:04,5,5,5,0,OK,0.032699999999999931,0.034698825916736613,0.020602333333999998,1.5871988609190772,0.089717999999999964,0.36447535611582899,0.63552464388417107,OK
local_linear,capacity_ratio,3,stress2:column:05,5,5,5,0,OK,0.026289666698000036,0.030464169646848817,0.020978,1.2532017684240651,0.082098666679999988,0.32022038555718041,0.67977961444281965,OK
local_linear,capacity_ratio,3,stress2:column:06,5,5,5,0,OK,0.038299999999999799,0.041151597781859971,0.020729333334,1.847623335632343,0.081439999999999999,0.47028487229862231,0.52971512770137763,OK
local_linear,esr_ratio,1,stress2:column:01,7,7,7,0,OK,0.022364285714285774,0.031345750452470789,0.052256633334000005,0.42797027453612829,0.041235714285714299,0.5423523298111913,0.4576476701888087,OK
local_linear,esr_ratio,1,stress2:column:02,7,7,7,0,OK,0.025307142857142782,0.030120816010574064,0.052756633334000005,0.4796959407345866,0.037514285714285736,0.67460015232292214,0.32539984767707786,OK
local_linear,esr_ratio,1,stress2:column:03,7,7,7,0,OK,0.032331428571428553,0.036657655602693885,0.052486833334000005,0.61599122137332007,0.039077142857142873,0.82737442421583596,0.17262557578416404,OK
local_linear,esr_ratio,1,stress2:column:04,7,7,7,0,OK,0.026639999999999903,0.033212643031575388,0.052305033334000009,0.50932000807430933,0.040078571428571408,0.66469435038317382,0.33530564961682618,OK
local_linear,esr_ratio,1,stress2:column:05,7,7,7,0,OK,0.020532142885714144,0.027045130485863704,0.05245940000000001,0.39139111171142138,0.03952857142857142,0.51942537116009768,0.48057462883990232,OK
local_linear,esr_ratio,1,stress2:column:06,7,7,7,0,OK,0.024111428571428624,0.028018761571489931,0.052558633334000002,0.45875295916096476,0.038794285714285684,0.62152010605391261,0.37847989394608739,OK
local_linear,esr_ratio,2,stress2:column:01,6,6,6,0,OK,0.034083611111111169,0.04464789324070436,0.052256633334000005,0.65223511230171749,0.086008333333333353,0.39628265994897194,0.60371734005102806,OK
local_linear,esr_ratio,2,stress2:column:02,6,6,6,0,OK,0.044527222222222274,0.054694978644194404,0.052756633334000005,0.84401182198875957,0.075733333333333361,0.58794747652582202,0.41205252347417798,OK
local_linear,esr_ratio,2,stress2:column:03,6,6,6,0,OK,0.031951666666666677,0.043244638363873815,0.052486833334000005,0.60875584669667959,0.080150000000000013,0.39864836764400091,0.60135163235599909,OK
local_linear,esr_ratio,2,stress2:column:04,6,6,6,0,OK,0.042047500000000092,0.05015263996873285,0.052305033334000009,0.80389012911053481,0.085324999999999984,0.49279226486961736,0.50720773513038264,OK
local_linear,esr_ratio,2,stress2:column:05,6,6,6,0,OK,0.039727824044444381,0.049626420453009953,0.05245940000000001,0.75730610804630571,0.081955,0.48475168134274149,0.51524831865725851,OK
local_linear,esr_ratio,2,stress2:column:06,6,6,6,0,OK,0.052673611111111095,0.063883331075890559,0.052558633334000002,1.0021876097192335,0.080043333333333286,0.6580636877247048,0.3419363122752952,OK
local_linear,esr_ratio,3,stress2:column:01,5,5,5,0,OK,0.040839999999999946,0.048797070722647946,0.052256633334000005,0.78152757639340698,0.13528999999999999,0.30187005691477525,0.6981299430852248,OK
local_linear,esr_ratio,3,stress2:column:02,5,5,5,0,OK,0.058097333333333133,0.068638738624773543,0.052756633334000005,1.1012327675559086,0.12172000000000001,0.47730310001095244,0.52269689998904756,OK
local_linear,esr_ratio,3,stress2:column:03,5,5,5,0,OK,0.06022200000000013,0.064840507246627974,0.052486833334000005,1.1473734682520735,0.12832000000000005,0.46931109725685871,0.53068890274314129,OK
local_linear,esr_ratio,3,stress2:column:04,5,5,5,0,OK,0.05148733333333326,0.060697149502903079,0.052305033334000009,0.98436670529497172,0.13685999999999998,0.37620439378440207,0.62379560621559793,OK
local_linear,esr_ratio,3,stress2:column:05,5,5,5,0,OK,0.0462198888600001,0.056815355211702681,0.05245940000000001,0.88106018864112234,0.13039600000000001,0.3544578734010253,0.6455421265989747,OK
local_linear,esr_ratio,3,stress2:column:06,5,5,5,0,OK,0.077786000000000272,0.086578842796609531,0.052558633334000002,1.4799852101496858,0.12606199999999995,0.61704558074598448,0.38295441925401552,OK
local_trend_kf,capacity_ratio,1,stress2:column:01,7,7,7,0,OK,0.0093683581979339594,0.01030965245328294,0.021647333333999999,0.43277192868923553,0.022649999999999965,0.41361404847390615,0.58638595152609385,OK
local_trend_kf,capacity_ratio,1,stress2:column:02,7,7,7,0,OK,0.010993472811848306,0.012529525144883223,0.020801333333999996,0.52849846859957583,0.027628571428571398,0.39790232514445828,0.60209767485554178,OK
local_trend_kf,capacity_ratio,1,stress2:column:03,7,7,7,0,OK,0.010616685382892923,0.012308113404217566,0.020928333333999995,0.50728766660291791,0.026917142857142844,0.39442096210726302,0.60557903789273704,OK
local_trend_kf,capacity_ratio,1,stress2:column:04,7,7,7,0,OK,0.01145273168695655,0.013345045850462381,0.020602333333999998,0.55589488342352589,0.028849999999999962,0.39697510180092077,0.60302489819907923,OK
local_trend_kf,capacity_ratio,1,stress2:column:05,7,7,7,0,OK,0.0094253106477671135,0.011326978807275267,0.020978,0.44929500656721866,0.026713809528571386,0.35282540431705939,0.64717459568294067,OK
local_trend_kf,capacity_ratio,1,stress2:column:06,7,7,7,0,OK,0.01101681115899871,0.013526081927144848,0.020729333334,0.53145998385433213,0.028642857142857098,0.38462682350618999,0.61537317649380996,OK
local_trend_kf,capacity_ratio,2,stress2:column:01,6,6,6,0,OK,0.016992291986386465,0.0182623791934453,0.021647333333999999,0.78496005601289576,0.047924999999999975,0.35456008317968646,0.64543991682031354,OK
local_trend_kf,capacity_ratio,2,stress2:column:02,6,6,6,0,OK,0.020391302988665334,0.022512022757025196,0.020801333333999996,0.98028826620145237,0.05853666666666666,0.34835094223561303,0.65164905776438697,OK
local_trend_kf,capacity_ratio,2,stress2:column:03,6,6,6,0,OK,0.019436353320806381,0.022546081540631983,0.020928333333999995,0.92871004157938586,0.057199999999999994,0.33979638672738433,0.66020361327261567,OK
local_trend_kf,capacity_ratio,2,stress2:column:04,6,6,6,0,OK,0.023946077471613387,0.025247177642774864,0.020602333333999998,1.1622992931628386,0.060574999999999969,0.39531287613063804,0.60468712386936196,OK
local_trend_kf,capacity_ratio,2,stress2:column:05,6,6,6,0,OK,0.020584289460674237,0.022038711111418138,0.020978,0.98123221759339485,0.05566888889499997,0.36976289394780903,0.63023710605219097,OK
local_trend_kf,capacity_ratio,2,stress2:column:06,6,6,6,0,OK,0.02459404066989394,0.027843280803269511,0.020729333334,1.1864366438430074,0.056716666666666637,0.43362986782063978,0.56637013217936016,OK
local_trend_kf,capacity_ratio,3,stress2:column:01,5,5,5,0,OK,0.029291447545256699,0.031385241298057975,0.021647333333999999,1.3531203632943836,0.071510000000000004,0.40961330646422456,0.59038669353577544,OK
local_trend_kf,capacity_ratio,3,stress2:column:02,5,5,5,0,OK,0.035405914353044167,0.037470123182241001,0.020801333333999996,1.7020983118987296,0.087703999999999976,0.40369782852599856,0.59630217147400144,OK
local_trend_kf,capacity_ratio,3,stress2:column:03,5,5,5,0,OK,0.033016474755370194,0.035629700024267838,0.020928333333999995,1.5775969461329205,0.085128000000000009,0.38784506572890459,0.61215493427109546,OK
local_trend_kf,capacity_ratio,3,stress2:column:04,5,5,5,0,OK,0.040170576359202223,0.040259817936677891,0.020602333333999998,1.9498071265990433,0.089717999999999964,0.44774266433939947,0.55225733566060053,OK
local_trend_kf,capacity_ratio,3,stress2:column:05,5,5,5,0,OK,0.033680026607644242,0.034604496078163682,0.020978,1.6054927356108419,0.082098666679999988,0.41023841153134116,0.58976158846865889,OK
local_trend_kf,capacity_ratio,3,stress2:column:06,5,5,5,0,OK,0.037547844209582591,0.040282894464330428,0.020729333334,1.811338724916786,0.081439999999999999,0.46104916760292969,0.53895083239707031,OK
local_trend_kf,esr_ratio,1,stress2:column:01,7,7,7,0,OK,0.026329775947313783,0.028164142719189048,0.052256633334000005,0.50385519057506334,0.041235714285714299,0.63851873075072374,0.36148126924927626,OK
local_trend_kf,esr_ratio,1,stress2:column:02,7,7,7,0,OK,0.025553156111123902,0.029055782816255132,0.052756633334000005,0.4843591127081206,0.037514285714285736,0.68115800753186295,0.31884199246813705,OK
local_trend_kf,esr_ratio,1,stress2:column:03,7,7,7,0,OK,0.027400136338887826,0.029100548041728104,0.052486833334000005,0.52203828271610586,0.039077142857142873,0.70118064770130406,0.29881935229869594,OK
local_trend_kf,esr_ratio,1,stress2:column:04,7,7,7,0,OK,0.026290826461750738,0.030149824889655796,0.052305033334000009,0.502644292258979,0.040078571428571408,0.6559821252263599,0.3440178747736401,OK
local_trend_kf,esr_ratio,1,stress2:column:05,7,7,7,0,OK,0.02527990164472687,0.027338890320289733,0.05245940000000001,0.48189460124833422,0.03952857142857142,0.63953491692478537,0.36046508307521463,OK
local_trend_kf,esr_ratio,1,stress2:column:06,7,7,7,0,OK,0.0295122417349384,0.031045278050649657,0.052558633334000002,0.56151082824764076,0.038794285714285684,0.7607368248069265,0.2392631751930735,OK
local_trend_kf,esr_ratio,2,stress2:column:01,6,6,6,0,OK,0.037723341772994891,0.047281334807091152,0.052256633334000005,0.7218861868097185,0.086008333333333353,0.43860100889055187,0.56139899110944813,OK
local_trend_kf,esr_ratio,2,stress2:column:02,6,6,6,0,OK,0.045342506040027319,0.053037754998957659,0.052756633334000005,0.85946549608209155,0.075733333333333361,0.59871266778205068,0.40128733221794932,OK
local_trend_kf,esr_ratio,2,stress2:column:03,6,6,6,0,OK,0.036883241662969857,0.047223464794130803,0.052486833334000005,0.70271417268142888,0.080150000000000013,0.46017768762283034,0.53982231237716971,OK
local_trend_kf,esr_ratio,2,stress2:column:04,6,6,6,0,OK,0.040596399041043396,0.049825532145910116,0.052305033334000009,0.77614708285931611,0.085324999999999984,0.47578551469139646,0.52421448530860348,OK
local_trend_kf,esr_ratio,2,stress2:column:05,6,6,6,0,OK,0.040725600363956449,0.048525002941821285,0.05245940000000001,0.77632608005345927,0.081955,0.49692636646887256,0.50307363353112744,OK
local_trend_kf,esr_ratio,2,stress2:column:06,6,6,6,0,OK,0.049584788324548712,0.056300868129806489,0.052558633334000002,0.94341852478253996,0.080043333333333286,0.61947430547472715,0.38052569452527285,OK
local_trend_kf,esr_ratio,3,stress2:column:01,5,5,5,0,OK,0.046069283908477351,0.05106193887489207,0.052256633334000005,0.88159686090039513,0.13528999999999999,0.3405224621810729,0.65947753781892704,OK
local_trend_kf,esr_ratio,3,stress2:column:02,5,5,5,0,OK,0.048430283314712594,0.06678582004263528,0.052756633334000005,0.91799419815329242,0.12172000000000001,0.39788270879652143,0.60211729120347857,OK
local_trend_kf,esr_ratio,3,stress2:column:03,5,5,5,0,OK,0.049515553957969069,0.059846716565325107,0.052486833334000005,0.94339000493470049,0.12832000000000005,0.38587557635574388,0.61412442364425612,OK
local_trend_kf,esr_ratio,3,stress2:column:04,5,5,5,0,OK,0.042799191324322458,0.055702473711390171,0.052305033334000009,0.81826142908700839,0.13685999999999998,0.31272242674501288,0.68727757325498717,OK
local_trend_kf,esr_ratio,3,stress2:column:05,5,5,5,0,OK,0.041078531780667005,0.055910549549487196,0.05245940000000001,0.78305378598815456,0.13039600000000001,0.31502907896459248,0.68497092103540758,OK
local_trend_kf,esr_ratio,3,stress2:column:06,5,5,5,0,OK,0.056442082266913517,0.064138226349969921,0.052558633334000002,1.0738879359407034,0.12606199999999995,0.4477327209382172,0.55226727906178286,OK
ridge,capacity_ratio,1,stress2:column:01,7,7,7,0,OK,0.010138761368069777,0.013387414003166859,0.021647333333999999,0.46836075426184304,0.022649999999999965,0.44762743346886502,0.55237256653113498,OK
ridge,capacity_ratio,1,stress2:column:02,7,7,7,0,OK,0.0061799642713203928,0.0079958631594725781,0.020801333333999996,0.29709462235380735,0.027628571428571398,0.22368019596299274,0.77631980403700729,OK
ridge,capacity_ratio,1,stress2:column:03,7,7,7,0,OK,0.0065065406310227869,0.0075209473096346947,0.020928333333999995,0.31089626331841319,0.026917142857142844,0.24172478726865262,0.75827521273134735,OK
ridge,capacity_ratio,1,stress2:column:04,7,7,7,0,OK,0.0062721461663237188,0.008408356557928022,0.020602333333999998,0.30443863152009126,0.028849999999999962,0.21740541304414998,0.78259458695585005,OK
ridge,capacity_ratio,1,stress2:column:05,7,7,7,0,OK,0.0053245523552046658,0.0062704673887535051,0.020978,0.25381601464413506,0.026713809528571386,0.19931834692127548,0.80068165307872452,OK
ridge,capacity_ratio,1,stress2:column:06,7,7,7,0,OK,0.0080194904392645785,0.010165306620516287,0.020729333334,0.38686678003827107,0.028642857142857098,0.27998220984963657,0.72001779015036349,OK
ridge,capacity_ratio,2,stress2:column:01,6,6,6,0,OK,0.013275048214404358,0.015372029285273389,0.021647333333999999,0.61324173326948039,0.047924999999999975,0.27699631120301232,0.72300368879698773,OK
ridge,capacity_ratio,2,stress2:column:02,6,6,6,0,OK,0.0072854398016914774,0.0078279144211954796,0.020801333333999996,0.35023907769332024,0.05853666666666666,0.12445942375191865,0.87554057624808135,OK
ridge,capacity_ratio,2,stress2:column:03,6,6,6,0,OK,0.0064804386107856771,0.0080151211284426888,0.020928333333999995,0.30964905362328166,0.057199999999999994,0.11329438130744192,0.88670561869255804,OK
ridge,capacity_ratio,2,stress2:column:04,6,6,6,0,OK,0.0064365229307943679,0.0093460100272315331,0.020602333333999998,0.31241718238643312,0.060574999999999969,0.10625708511422817,0.89374291488577184,OK
ridge,capacity_ratio,2,stress2:column:05,6,6,6,0,OK,0.0040651550083014949,0.0048964977466184161,0.020978,0.19378181944425088,0.05566888889499997,0.073023821545441625,0.92697617845455837,OK
ridge,capacity_ratio,2,stress2:column:06,6,6,6,0,OK,0.01031060440097418,0.013860335261704312,0.020729333334,0.49739199205518358,0.056716666666666637,0.18179143815999152,0.81820856184000845,OK
ridge,capacity_ratio,3,stress2:column:01,5,5,5,0,OK,0.011473509938761905,0.013197150760257018,0.021647333333999999,0.53001955306620796,0.071510000000000004,0.16044623043996509,0.83955376956003491,OK
ridge,capacity_ratio,3,stress2:column:02,5,5,5,0,OK,0.006892133787565302,0.0070197222819330489,0.020801333333999996,0.3313313467411263,0.087703999999999976,0.078584030233117122,0.92141596976688289,OK
ridge,capacity_ratio,3,stress2:column:03,5,5,5,0,OK,0.0060660623255120562,0.0080036757651324748,0.020928333333999995,0.28984927890350359,0.085128000000000009,0.071258132759045856,0.9287418672409542,OK
ridge,capacity_ratio,3,stress2:column:04,5,5,5,0,OK,0.0078402089072906016,0.010260288390518313,0.020602333333999998,0.38054956107092575,0.089717999999999964,0.087387245673004349,0.91261275432699562,OK
ridge,capacity_ratio,3,stress2:column:05,5,5,5,0,OK,0.0023124160162224295,0.0029903982128971478,0.020978,0.1102305279922981,0.082098666679999988,0.028166304152485781,0.97183369584751422,OK
ridge,capacity_ratio,3,stress2:column:06,5,5,5,0,OK,0.017221316512411499,0.019788909607615878,0.020729333334,0.83077039839796996,0.081439999999999999,0.21146017328599581,0.78853982671400424,OK
ridge,esr_ratio,1,stress2:column:01,7,7,7,0,OK,0.011759065471623151,0.019764157022148066,0.052256633334000005,0.22502531681412949,0.041235714285714299,0.28516701299623082,0.71483298700376918,OK
ridge,esr_ratio,1,stress2:column:02,7,7,7,0,OK,0.015552487139580653,0.017937696702988691,0.052756633334000005,0.2947968086044937,0.037514285714285736,0.41457505703375669,0.58542494296624326,OK
ridge,esr_ratio,1,stress2:column:03,7,7,7,0,OK,0.01425163377774376,0.016259986936774013,0.052486833334000005,0.27152778844655145,0.039077142857142873,0.36470511239382275,0.63529488760617725,OK
ridge,esr_ratio,1,stress2:column:04,7,7,7,0,OK,0.014278098261963468,0.017489010460264087,0.052305033334000009,0.27297751959718625,0.040078571428571408,0.35625267450987108,0.64374732549012892,OK
ridge,esr_ratio,1,stress2:column:05,7,7,7,0,OK,0.0084913587822450509,0.011378821339504902,0.05245940000000001,0.1618653431462245,0.03952857142857142,0.21481572633073859,0.78518427366926136,OK
ridge,esr_ratio,1,stress2:column:06,7,7,7,0,OK,0.011159800370015167,0.012700240035545769,0.052558633334000002,0.21233049000906823,0.038794285714285684,0.28766608701615198,0.71233391298384796,OK
ridge,esr_ratio,2,stress2:column:01,6,6,6,0,OK,0.020180661904632375,0.023093951835387875,0.052256633334000005,0.38618373624735841,0.086008333333333353,0.23463612329773126,0.7653638767022688,OK
ridge,esr_ratio,2,stress2:column:02,6,6,6,0,OK,0.019673434691372654,0.021206036269528945,0.052756633334000005,0.37290921440761721,0.075733333333333361,0.25977246511495572,0.74022753488504422,OK
ridge,esr_ratio,2,stress2:column:03,6,6,6,0,OK,0.013566560889648952,0.015424486272250359,0.052486833334000005,0.25847550762527682,0.080150000000000013,0.16926463992076043,0.83073536007923954,OK
ridge,esr_ratio,2,stress2:column:04,6,6,6,0,OK,0.018309294493709105,0.020676315811221709,0.052305033334000009,0.35004842415055792,0.085324999999999984,0.21458300021926877,0.78541699978073121,OK
ridge,esr_ratio,2,stress2:column:05,6,6,6,0,OK,0.010863518217010334,0.012605673906456899,0.05245940000000001,0.2070843017078032,0.081955,0.13255467289378725,0.8674453271062128,OK
ridge,esr_ratio,2,stress2:column:06,6,6,6,0,OK,0.021711057013269548,0.024313135978941219,0.052558633334000002,0.41308260196379076,0.080043333333333286,0.27124129030029021,0.72875870969970979,OK
ridge,esr_ratio,3,stress2:column:01,5,5,5,0,OK,0.0196460123616621,0.022480658519794552,0.052256633334000005,0.3759525080020743,0.13528999999999999,0.14521407614503734,0.85478592385496266,OK
ridge,esr_ratio,3,stress2:column:02,5,5,5,0,OK,0.017930810423070785,0.020239031077011738,0.052756633334000005,0.33987783696415169,0.12172000000000001,0.14731194892434099,0.85268805107565904,OK
ridge,esr_ratio,3,stress2:column:03,5,5,5,0,OK,0.010792935986098363,0.01261400544032918,0.052486833334000005,0.20563130409139957,0.12832000000000005,0.084109538545030851,0.91589046145496911,OK
ridge,esr_ratio,3,stress2:column:04,5,5,5,0,OK,0.016806869713366358,0.017764437503460684,0.052305033334000009,0.32132413731665349,0.13685999999999998,0.12280337361805027,0.87719662638194973,OK
ridge,esr_ratio,3,stress2:column:05,5,5,5,0,OK,0.0062751716941022552,0.0078398202293406272,0.05245940000000001,0.11961958570060378,0.13039600000000001,0.048123958511781452,0.95187604148821858,OK
ridge,esr_ratio,3,stress2:column:06,5,5,5,0,OK,0.013515192542931719,0.016644380777998999,0.052558633334000002,0.25714505278410249,0.12606199999999995,0.10721067841960087,0.89278932158039914,OK
