provisional_key,listed_segment_count,exact_row_digest,waveform_fingerprint,physical_overlap,status
batch1/1,1,NOT_AVAILABLE,NOT_AVAILABLE,UNRESOLVED,BLOCKED_ARCHIVE_TEST_AND_IDENTITY
batch1/10,1,NOT_AVAILABLE,NOT_AVAILABLE,UNRESOLVED,BLOCKED_ARCHIVE_TEST_AND_IDENTITY
batch1/11,1,NOT_AVAILABLE,NOT_AVAILABLE,UNRESOLVED,BLOCKED_ARCHIVE_TEST_AND_IDENTITY
batch1/12,1,NOT_AVAILABLE,NOT_AVAILABLE,UNRESOLVED,BLOCKED_ARCHIVE_TEST_AND_IDENTITY
batch1/13,1,NOT_AVAILABLE,NOT_AVAILABLE,UNRESOLVED,BLOCKED_ARCHIVE_TEST_AND_IDENTITY
batch1/14,1,NOT_AVAILABLE,NOT_AVAILABLE,UNRESOLVED,BLOCKED_ARCHIVE_TEST_AND_IDENTITY
batch1/15,1,NOT_AVAILABLE,NOT_AVAILABLE,UNRESOLVED,BLOCKED_ARCHIVE_TEST_AND_IDENTITY
batch1/16,1,NOT_AVAILABLE,NOT_AVAILABLE,UNRESOLVED,BLOCKED_ARCHIVE_TEST_AND_IDENTITY
batch1/17,1,NOT_AVAILABLE,NOT_AVAILABLE,UNRESOLVED,BLOCKED_ARCHIVE_TEST_AND_IDENTITY
batch1/18,1,NOT_AVAILABLE,NOT_AVAILABLE,UNRESOLVED,BLOCKED_ARCHIVE_TEST_AND_IDENTITY
batch1/19,1,NOT_AVAILABLE,NOT_AVAILABLE,UNRESOLVED,BLOCKED_ARCHIVE_TEST_AND_IDENTITY
batch1/2,1,NOT_AVAILABLE,NOT_AVAILABLE,UNRESOLVED,BLOCKED_ARCHIVE_TEST_AND_IDENTITY
batch1/20,1,NOT_AVAILABLE,NOT_AVAILABLE,UNRESOLVED,BLOCKED_ARCHIVE_TEST_AND_IDENTITY
batch1/21,1,NOT_AVAILABLE,NOT_AVAILABLE,UNRESOLVED,BLOCKED_ARCHIVE_TEST_AND_IDENTITY
batch1/22,1,NOT_AVAILABLE,NOT_AVAILABLE,UNRESOLVED,BLOCKED_ARCHIVE_TEST_AND_IDENTITY
batch1/23,1,NOT_AVAILABLE,NOT_AVAILABLE,UNRESOLVED,BLOCKED_ARCHIVE_TEST_AND_IDENTITY
batch1/24,1,NOT_AVAILABLE,NOT_AVAILABLE,UNRESOLVED,BLOCKED_ARCHIVE_TEST_AND_IDENTITY
batch1/25,1,NOT_AVAILABLE,NOT_AVAILABLE,UNRESOLVED,BLOCKED_ARCHIVE_TEST_AND_IDENTITY
batch1/26,1,NOT_AVAILABLE,NOT_AVAILABLE,UNRESOLVED,BLOCKED_ARCHIVE_TEST_AND_IDENTITY
batch1/27,1,NOT_AVAILABLE,NOT_AVAILABLE,UNRESOLVED,BLOCKED_ARCHIVE_TEST_AND_IDENTITY
batch1/28,1,NOT_AVAILABLE,NOT_AVAILABLE,UNRESOLVED,BLOCKED_ARCHIVE_TEST_AND_IDENTITY
batch1/3,1,NOT_AVAILABLE,NOT_AVAILABLE,UNRESOLVED,BLOCKED_ARCHIVE_TEST_AND_IDENTITY
batch1/4,1,NOT_AVAILABLE,NOT_AVAILABLE,UNRESOLVED,BLOCKED_ARCHIVE_TEST_AND_IDENTITY
batch1/5,1,NOT_AVAILABLE,NOT_AVAILABLE,UNRESOLVED,BLOCKED_ARCHIVE_TEST_AND_IDENTITY
batch1/6,1,NOT_AVAILABLE,NOT_AVAILABLE,UNRESOLVED,BLOCKED_ARCHIVE_TEST_AND_IDENTITY
batch1/7,1,NOT_AVAILABLE,NOT_AVAILABLE,UNRESOLVED,BLOCKED_ARCHIVE_TEST_AND_IDENTITY
batch1/8,1,NOT_AVAILABLE,NOT_AVAILABLE,UNRESOLVED,BLOCKED_ARCHIVE_TEST_AND_IDENTITY
batch1/9,1,NOT_AVAILABLE,NOT_AVAILABLE,UNRESOLVED,BLOCKED_ARCHIVE_TEST_AND_IDENTITY
batch2/1,1,NOT_AVAILABLE,NOT_AVAILABLE,UNRESOLVED,BLOCKED_ARCHIVE_TEST_AND_IDENTITY
batch2/10,1,NOT_AVAILABLE,NOT_AVAILABLE,UNRESOLVED,BLOCKED_ARCHIVE_TEST_AND_IDENTITY
batch2/11,1,NOT_AVAILABLE,NOT_AVAILABLE,UNRESOLVED,BLOCKED_ARCHIVE_TEST_AND_IDENTITY
batch2/12,1,NOT_AVAILABLE,NOT_AVAILABLE,UNRESOLVED,BLOCKED_ARCHIVE_TEST_AND_IDENTITY
batch2/13,1,NOT_AVAILABLE,NOT_AVAILABLE,UNRESOLVED,BLOCKED_ARCHIVE_TEST_AND_IDENTITY
batch2/14,1,NOT_AVAILABLE,NOT_AVAILABLE,UNRESOLVED,BLOCKED_ARCHIVE_TEST_AND_IDENTITY
batch2/15,1,NOT_AVAILABLE,NOT_AVAILABLE,UNRESOLVED,BLOCKED_ARCHIVE_TEST_AND_IDENTITY
batch2/16,1,NOT_AVAILABLE,NOT_AVAILABLE,UNRESOLVED,BLOCKED_ARCHIVE_TEST_AND_IDENTITY
batch2/17,1,NOT_AVAILABLE,NOT_AVAILABLE,UNRESOLVED,BLOCKED_ARCHIVE_TEST_AND_IDENTITY
batch2/18,1,NOT_AVAILABLE,NOT_AVAILABLE,UNRESOLVED,BLOCKED_ARCHIVE_TEST_AND_IDENTITY
batch2/19,1,NOT_AVAILABLE,NOT_AVAILABLE,UNRESOLVED,BLOCKED_ARCHIVE_TEST_AND_IDENTITY
batch2/2,1,NOT_AVAILABLE,NOT_AVAILABLE,UNRESOLVED,BLOCKED_ARCHIVE_TEST_AND_IDENTITY
batch2/20,1,NOT_AVAILABLE,NOT_AVAILABLE,UNRESOLVED,BLOCKED_ARCHIVE_TEST_AND_IDENTITY
batch2/21,1,NOT_AVAILABLE,NOT_AVAILABLE,UNRESOLVED,BLOCKED_ARCHIVE_TEST_AND_IDENTITY
batch2/22,1,NOT_AVAILABLE,NOT_AVAILABLE,UNRESOLVED,BLOCKED_ARCHIVE_TEST_AND_IDENTITY
batch2/23,1,NOT_AVAILABLE,NOT_AVAILABLE,UNRESOLVED,BLOCKED_ARCHIVE_TEST_AND_IDENTITY
batch2/24,1,NOT_AVAILABLE,NOT_AVAILABLE,UNRESOLVED,BLOCKED_ARCHIVE_TEST_AND_IDENTITY
batch2/25,1,NOT_AVAILABLE,NOT_AVAILABLE,UNRESOLVED,BLOCKED_ARCHIVE_TEST_AND_IDENTITY
batch2/3,1,NOT_AVAILABLE,NOT_AVAILABLE,UNRESOLVED,BLOCKED_ARCHIVE_TEST_AND_IDENTITY
batch2/4,1,NOT_AVAILABLE,NOT_AVAILABLE,UNRESOLVED,BLOCKED_ARCHIVE_TEST_AND_IDENTITY
batch2/5,1,NOT_AVAILABLE,NOT_AVAILABLE,UNRESOLVED,BLOCKED_ARCHIVE_TEST_AND_IDENTITY
batch2/6,1,NOT_AVAILABLE,NOT_AVAILABLE,UNRESOLVED,BLOCKED_ARCHIVE_TEST_AND_IDENTITY
batch2/7,1,NOT_AVAILABLE,NOT_AVAILABLE,UNRESOLVED,BLOCKED_ARCHIVE_TEST_AND_IDENTITY
batch2/8,1,NOT_AVAILABLE,NOT_AVAILABLE,UNRESOLVED,BLOCKED_ARCHIVE_TEST_AND_IDENTITY
batch2/9,1,NOT_AVAILABLE,NOT_AVAILABLE,UNRESOLVED,BLOCKED_ARCHIVE_TEST_AND_IDENTITY
batch3/1,3,NOT_AVAILABLE,NOT_AVAILABLE,UNRESOLVED,BLOCKED_ARCHIVE_TEST_AND_IDENTITY
batch3/10,3,NOT_AVAILABLE,NOT_AVAILABLE,UNRESOLVED,BLOCKED_ARCHIVE_TEST_AND_IDENTITY
batch3/11,3,NOT_AVAILABLE,NOT_AVAILABLE,UNRESOLVED,BLOCKED_ARCHIVE_TEST_AND_IDENTITY
batch3/12,3,NOT_AVAILABLE,NOT_AVAILABLE,UNRESOLVED,BLOCKED_ARCHIVE_TEST_AND_IDENTITY
batch3/13,3,NOT_AVAILABLE,NOT_AVAILABLE,UNRESOLVED,BLOCKED_ARCHIVE_TEST_AND_IDENTITY
batch3/14,3,NOT_AVAILABLE,NOT_AVAILABLE,UNRESOLVED,BLOCKED_ARCHIVE_TEST_AND_IDENTITY
batch3/15,3,NOT_AVAILABLE,NOT_AVAILABLE,UNRESOLVED,BLOCKED_ARCHIVE_TEST_AND_IDENTITY
batch3/16,3,NOT_AVAILABLE,NOT_AVAILABLE,UNRESOLVED,BLOCKED_ARCHIVE_TEST_AND_IDENTITY
batch3/17,3,NOT_AVAILABLE,NOT_AVAILABLE,UNRESOLVED,BLOCKED_ARCHIVE_TEST_AND_IDENTITY
batch3/18,3,NOT_AVAILABLE,NOT_AVAILABLE,UNRESOLVED,BLOCKED_ARCHIVE_TEST_AND_IDENTITY
batch3/19,3,NOT_AVAILABLE,NOT_AVAILABLE,UNRESOLVED,BLOCKED_ARCHIVE_TEST_AND_IDENTITY
batch3/2,3,NOT_AVAILABLE,NOT_AVAILABLE,UNRESOLVED,BLOCKED_ARCHIVE_TEST_AND_IDENTITY
batch3/20,3,NOT_AVAILABLE,NOT_AVAILABLE,UNRESOLVED,BLOCKED_ARCHIVE_TEST_AND_IDENTITY
batch3/21,3,NOT_AVAILABLE,NOT_AVAILABLE,UNRESOLVED,BLOCKED_ARCHIVE_TEST_AND_IDENTITY
batch3/22,3,NOT_AVAILABLE,NOT_AVAILABLE,UNRESOLVED,BLOCKED_ARCHIVE_TEST_AND_IDENTITY
batch3/23,3,NOT_AVAILABLE,NOT_AVAILABLE,UNRESOLVED,BLOCKED_ARCHIVE_TEST_AND_IDENTITY
batch3/24,3,NOT_AVAILABLE,NOT_AVAILABLE,UNRESOLVED,BLOCKED_ARCHIVE_TEST_AND_IDENTITY
batch3/25,3,NOT_AVAILABLE,NOT_AVAILABLE,UNRESOLVED,BLOCKED_ARCHIVE_TEST_AND_IDENTITY
batch3/26,3,NOT_AVAILABLE,NOT_AVAILABLE,UNRESOLVED,BLOCKED_ARCHIVE_TEST_AND_IDENTITY
batch3/27,3,NOT_AVAILABLE,NOT_AVAILABLE,UNRESOLVED,BLOCKED_ARCHIVE_TEST_AND_IDENTITY
batch3/28,3,NOT_AVAILABLE,NOT_AVAILABLE,UNRESOLVED,BLOCKED_ARCHIVE_TEST_AND_IDENTITY
batch3/29,3,NOT_AVAILABLE,NOT_AVAILABLE,UNRESOLVED,BLOCKED_ARCHIVE_TEST_AND_IDENTITY
batch3/3,3,NOT_AVAILABLE,NOT_AVAILABLE,UNRESOLVED,BLOCKED_ARCHIVE_TEST_AND_IDENTITY
batch3/30,3,NOT_AVAILABLE,NOT_AVAILABLE,UNRESOLVED,BLOCKED_ARCHIVE_TEST_AND_IDENTITY
batch3/4,3,NOT_AVAILABLE,NOT_AVAILABLE,UNRESOLVED,BLOCKED_ARCHIVE_TEST_AND_IDENTITY
batch3/5,3,NOT_AVAILABLE,NOT_AVAILABLE,UNRESOLVED,BLOCKED_ARCHIVE_TEST_AND_IDENTITY
batch3/6,3,NOT_AVAILABLE,NOT_AVAILABLE,UNRESOLVED,BLOCKED_ARCHIVE_TEST_AND_IDENTITY
batch3/7,3,NOT_AVAILABLE,NOT_AVAILABLE,UNRESOLVED,BLOCKED_ARCHIVE_TEST_AND_IDENTITY
batch3/8,3,NOT_AVAILABLE,NOT_AVAILABLE,UNRESOLVED,BLOCKED_ARCHIVE_TEST_AND_IDENTITY
batch3/9,3,NOT_AVAILABLE,NOT_AVAILABLE,UNRESOLVED,BLOCKED_ARCHIVE_TEST_AND_IDENTITY
batch4/1,3,NOT_AVAILABLE,NOT_AVAILABLE,UNRESOLVED,BLOCKED_ARCHIVE_TEST_AND_IDENTITY
batch4/10,3,NOT_AVAILABLE,NOT_AVAILABLE,UNRESOLVED,BLOCKED_ARCHIVE_TEST_AND_IDENTITY
batch4/11,3,NOT_AVAILABLE,NOT_AVAILABLE,UNRESOLVED,BLOCKED_ARCHIVE_TEST_AND_IDENTITY
batch4/12,3,NOT_AVAILABLE,NOT_AVAILABLE,UNRESOLVED,BLOCKED_ARCHIVE_TEST_AND_IDENTITY
batch4/13,3,NOT_AVAILABLE,NOT_AVAILABLE,UNRESOLVED,BLOCKED_ARCHIVE_TEST_AND_IDENTITY
batch4/14,3,NOT_AVAILABLE,NOT_AVAILABLE,UNRESOLVED,BLOCKED_ARCHIVE_TEST_AND_IDENTITY
batch4/15,3,NOT_AVAILABLE,NOT_AVAILABLE,UNRESOLVED,BLOCKED_ARCHIVE_TEST_AND_IDENTITY
batch4/16,3,NOT_AVAILABLE,NOT_AVAILABLE,UNRESOLVED,BLOCKED_ARCHIVE_TEST_AND_IDENTITY
batch4/17,3,NOT_AVAILABLE,NOT_AVAILABLE,UNRESOLVED,BLOCKED_ARCHIVE_TEST_AND_IDENTITY
batch4/18,3,NOT_AVAILABLE,NOT_AVAILABLE,UNRESOLVED,BLOCKED_ARCHIVE_TEST_AND_IDENTITY
batch4/19,3,NOT_AVAILABLE,NOT_AVAILABLE,UNRESOLVED,BLOCKED_ARCHIVE_TEST_AND_IDENTITY
batch4/2,3,NOT_AVAILABLE,NOT_AVAILABLE,UNRESOLVED,BLOCKED_ARCHIVE_TEST_AND_IDENTITY
batch4/20,3,NOT_AVAILABLE,NOT_AVAILABLE,UNRESOLVED,BLOCKED_ARCHIVE_TEST_AND_IDENTITY
batch4/21,3,NOT_AVAILABLE,NOT_AVAILABLE,UNRESOLVED,BLOCKED_ARCHIVE_TEST_AND_IDENTITY
batch4/22,3,NOT_AVAILABLE,NOT_AVAILABLE,UNRESOLVED,BLOCKED_ARCHIVE_TEST_AND_IDENTITY
batch4/23,3,NOT_AVAILABLE,NOT_AVAILABLE,UNRESOLVED,BLOCKED_ARCHIVE_TEST_AND_IDENTITY
batch4/24,3,NOT_AVAILABLE,NOT_AVAILABLE,UNRESOLVED,BLOCKED_ARCHIVE_TEST_AND_IDENTITY
batch4/25,3,NOT_AVAILABLE,NOT_AVAILABLE,UNRESOLVED,BLOCKED_ARCHIVE_TEST_AND_IDENTITY
batch4/26,3,NOT_AVAILABLE,NOT_AVAILABLE,UNRESOLVED,BLOCKED_ARCHIVE_TEST_AND_IDENTITY
batch4/27,3,NOT_AVAILABLE,NOT_AVAILABLE,UNRESOLVED,BLOCKED_ARCHIVE_TEST_AND_IDENTITY
batch4/28,3,NOT_AVAILABLE,NOT_AVAILABLE,UNRESOLVED,BLOCKED_ARCHIVE_TEST_AND_IDENTITY
batch4/29,3,NOT_AVAILABLE,NOT_AVAILABLE,UNRESOLVED,BLOCKED_ARCHIVE_TEST_AND_IDENTITY
batch4/3,3,NOT_AVAILABLE,NOT_AVAILABLE,UNRESOLVED,BLOCKED_ARCHIVE_TEST_AND_IDENTITY
batch4/30,3,NOT_AVAILABLE,NOT_AVAILABLE,UNRESOLVED,BLOCKED_ARCHIVE_TEST_AND_IDENTITY
batch4/4,3,NOT_AVAILABLE,NOT_AVAILABLE,UNRESOLVED,BLOCKED_ARCHIVE_TEST_AND_IDENTITY
batch4/5,3,NOT_AVAILABLE,NOT_AVAILABLE,UNRESOLVED,BLOCKED_ARCHIVE_TEST_AND_IDENTITY
batch4/6,3,NOT_AVAILABLE,NOT_AVAILABLE,UNRESOLVED,BLOCKED_ARCHIVE_TEST_AND_IDENTITY
batch4/7,3,NOT_AVAILABLE,NOT_AVAILABLE,UNRESOLVED,BLOCKED_ARCHIVE_TEST_AND_IDENTITY
batch4/8,3,NOT_AVAILABLE,NOT_AVAILABLE,UNRESOLVED,BLOCKED_ARCHIVE_TEST_AND_IDENTITY
batch4/9,3,NOT_AVAILABLE,NOT_AVAILABLE,UNRESOLVED,BLOCKED_ARCHIVE_TEST_AND_IDENTITY
